キー,ブランド名,商品名,規格・用途,容量,商品カテゴリー,2025-09-12,2025-09-17,2025-09-19,2025-09-22,2025-09-26,2025-09-29,2025-10-08,2025-10-24,2025-11-05,2025-11-11,2025-11-20,2025-11-27,2025-12-05,2025-12-11,2025-12-17,2026-01-06,2026-01-09,2026-01-27,2026-02-20,2026-03-04,2026-03-26
JAM1091,ジャックマルクス,リフィラブルパフューム アトマイザー モノグラミングカジュアルスティック グリーン,,5mL,アトマイザー,650,650,650,650,650,650,650,650,650,650,650,650,650,650,650,650,650,650,650,650,650
JAM1092,ジャックマルクス,リフィラブルパフューム アトマイザー モノグラミングカジュアルスティック ブルー,,5mL,アトマイザー,650,650,650,650,650,650,650,650,650,650,650,650,650,650,650,650,650,650,650,650,650
JAM1093,ジャックマルクス,リフィラブルパフューム アトマイザー モノグラミングカジュアルスティック シャンパン,,5mL,アトマイザー,650,650,650,650,650,650,650,650,650,650,650,650,650,650,650,650,650,650,650,650,650
JAM1094,ジャックマルクス,リフィラブルパフューム アトマイザー モノグラミングカジュアルスティック グレー,,5mL,アトマイザー,650,650,650,650,650,650,650,650,650,650,650,650,650,650,650,650,650,650,650,650,650
JAM1095,ジャックマルクス,リフィラブルパフューム アトマイザー モノグラミングカジュアルスティック ピンク,,5mL,アトマイザー,650,650,650,650,650,650,650,650,650,650,650,650,650,650,650,650,650,650,650,650,650
TCAL015,カルバンクライン,エタニティ メンズ 【テスター】,EDTSP,100ｍL,香水,"2,980","2,980","2,980","2,980","2,960","2,960","2,960","2,960","3,000","3,000","3,000",,,,,,,,,,
DIP1193,ディプティック,タム ダオ,EDTSP,100ｍL,香水,"16,200","16,200","16,000","16,000","16,000","15,900","15,900","15,900","15,500","15,500","15,500","15,500","15,500","15,500","15,500","15,450","15,450","15,100","15,100","15,100","15,100"
ARA1087,アラミス,アラミス,EDTSP,110mL,香水,"1,800","1,800","1,800","1,800","1,800","1,800","1,800",,,"1,800",,,,,,,,,,,
BYR2001,バイレード,"ラ セレクション フローラル EP セット
 （ブランシュ・ラ テュリップ・ローズ オブ ノー マンズ ランド）",EDP,12mL×3,アトマイザー,"11,700","11,500",,,"11,400","11,400","11,300","11,000","11,000","11,000","11,000","11,000","11,000","11,000","10,900","10,800","10,500","10,500","10,500","10,500","10,500"
MFK1122,メゾン フランシス クルジャン,バカラ ルージュ 540,EDPSP,35mL,アトマイザー,"21,950","21,900","21,800","21,800","21,800","21,800","21,800","21,800","21,800","21,800",,,,,,,,,,,
TFO1121,トムフォード,ソレイユ ネージュ,EDPSP,50mL,アトマイザー,"21,700","21,700","21,700","21,700","21,700","21,600","21,600",,,,,,,,,,,,,,
JOM2002,ジョーマローン,"ジョーマローン コロン コレクション（12422）
 【イングリッシュ ペアー & フリージア コロン・ブラックベリー & ベイ コロン・ワイルド ブルーベル コロン・ピオニー & ブラッシュ スエード コロン・ウッド セージ & シー ソルト コロン 】",EDC,EC9mL×5,アトマイザー,"11,500","11,400",,,"11,300","11,200","11,200","11,000","11,000","10,800","10,800","10,800","10,800","10,800","10,800","10,550","10,550","10,550",,,
JOM3201,ジョーマローン,"ジョーマローン ハンドクリーム トリオ
 （ポーチ・イングリッシュ ペアー & フリージア ・ブラックベリー & ベイ・ウッド セージ & シー ソルト）",,30mL×3,ハンドクリーム,"6,600","6,550",,,"6,550","6,500","6,500","6,400","6,400","6,250","6,250","6,250","6,250","6,250","6,250","6,150","6,150","6,150",,,
ALT1001,アルタモーダ,ステイゴールド,EDTSP,100mL,香水,720,720,720,720,720,720,720,720,720,720,720,720,720,720,720,720,720,720,720,720,720
ALT1005,アルタモーダ,ムーンオブホープ,EDTSP,100mL,香水,720,720,720,720,720,720,720,720,720,720,720,720,720,720,720,720,720,720,720,720,720
ALT1008,アルタモーダ,オーセンティック ブルー,EDTSP,100mL,香水,720,720,720,720,720,720,720,720,720,720,720,720,720,720,720,720,720,720,720,720,720
ALT1009,アルタモーダ,ファナティックフラワー,EDTSP,100mL,香水,720,720,720,720,720,720,720,720,720,720,720,720,720,720,720,720,720,720,720,720,720
ALT1010,アルタモーダ,ピュリファイシルバー,EDTSP,100mL,香水,720,720,720,720,720,720,720,720,720,720,720,720,720,720,720,720,720,720,720,720,720
ALT1011,アルタモーダ,キューティマジック,EDTSP,100mL,香水,720,720,720,720,720,720,720,720,720,720,720,720,720,720,720,720,720,720,720,720,720
ALT1012,アルタモーダ,ナンバーゼロ,EDTSP,100mL,香水,720,720,720,720,720,720,720,720,720,720,720,720,720,720,720,720,720,720,720,720,720
ALT1015,アルタモーダ,NEWミッドナイトクルージング,EDTSP,100mL,香水,720,720,720,720,720,720,720,720,720,,,,,,,,,,,720,720
ALT1016,アルタモーダ,オーセンティックシャイン,EDTSP,100mL,香水,720,720,720,720,720,720,720,720,720,720,720,720,720,720,720,720,720,720,720,720,720
ANN1002,アナスイ,アナスイ,EDTSP,30mL,香水,"1,800","1,800","1,800","1,800","1,800","1,800","1,800","1,800",,"1,800","1,800","1,800","1,800",,"1,800",,,"1,800","1,800","1,850","1,850"
ANN1232,アナスイ,ファンタジア マーメイド,EDTSP,30mL,香水,"2,500","2,500","2,500","2,500","2,500","2,500","2,500","2,500","2,500","2,500","2,500","2,500","2,500","2,500","2,500","2,500","2,500","2,500",,,
ARM1026,ジョルジオアルマーニ,アクアディジオプールオム,EDTSP,30mL,香水,"4,800",,,,,,,,,,"4,600",,,,,,,,,,
ARM1082,ジョルジオアルマーニ,アクアディジョイア,EDPSP,30mL,香水,"5,000","5,000","5,000","5,000","4,900","4,880","4,800","4,700","4,700","4,700","4,800",,,,,,,"4,800","4,800","4,850","4,850"
ARO1001,アロマコンセプト,サムタイム インザモーニング,EDPSP,50mL,香水,720,720,720,720,720,720,720,720,720,720,720,720,720,720,720,720,720,720,720,720,720
ARO1061,アロマコンセプト,サムタイム ウィズ シークレット,EDPSP,50mL,香水,720,720,720,720,720,720,720,720,720,720,720,720,720,720,720,720,720,720,720,720,720
ARO1111,アロマコンセプト,サムタイム ハッピーティアーズ,EDPSP,50mL,香水,720,720,720,720,720,720,720,720,720,720,720,720,720,720,720,720,720,720,720,720,720
ARO1125,アロマコンセプト,サムタイム ブルーソウル,EDTSP,100mL,香水,900,900,900,900,900,900,900,900,900,900,900,900,900,900,900,900,900,900,900,900,900
BUR1283,バーバリー,ウィークエンド フォーウィメン,EDPSP,100mL,香水,"4,050","4,050","4,050","4,050","4,000","3,950",,,,,,,,,,,,,,,
BVL1695,ブルガリ,ブルガリ プールオム,EDTSP,50mL,香水,"7,950","7,950","7,950","7,950","7,950","7,950","7,950","7,900","7,900","7,900","7,900","7,900","7,900","7,900","7,900",,,,,,
BVL1783,ブルガリ,オムニア アメジスト,EDTSP,100mL,香水,"12,500","12,500","12,500","12,500","12,500","12,500","12,500","12,500","12,500","12,500","12,500","12,500",,,,,,,,,
BVL1793,ブルガリ,オムニア クリスタリン,EDTSP,100mL,香水,"12,100","12,100","12,100","12,100","12,100","12,100","12,100","12,100","12,100","12,100","12,100","12,100","12,100","12,100","12,100","12,100","12,100",,,,
CCAL1001,カルバンクライン,シーケーワン,EDTSP,100mL,香水,"2,700","2,700","2,700","2,700",,,"2,500","2,420","2,420","2,420","2,300","2,250","2,250","2,250","2,250","2,650","2,650","2,650","2,650","2,650","2,250"
CCAL1003,カルバンクライン,シーケーワン,EDTSP,50mL,香水,"2,300","2,300","2,300","2,300","2,300","2,300","2,300","2,250","2,250","2,250","2,250","2,250","2,250","2,250","2,250","2,250","2,250","1,800","1,800","1,800","1,800"
CAL1005,カルバンクライン,シーケーワン,EDTSP,200mL,香水,"3,280","3,280","3,280","3,280","3,280","3,280","3,000","3,000","3,000","3,000","3,000","2,980","2,980","2,980","2,980","2,980","2,980","2,980","2,980","2,980","2,960"
CAL1012,カルバンクライン,エタニティ,EDPSP,100mL,香水,"3,400","3,350","3,350","3,350","3,350","3,350","3,350","3,400","3,400",,,,,,,,,,,,
CAL1013,カルバンクライン,エタニティ,EDPSP,50mL,香水,"2,600","2,600","2,500","2,500","2,500","2,500","2,500","2,600","2,600","2,600","2,600","2,600","2,600","2,600","2,600","2,550","2,550","2,550","2,530","2,500","2,500"
CAL1014,カルバンクライン,エタニティ,EDPSP,30mL,香水,"2,000","2,000","2,000","2,000","2,000","2,000","2,000","2,200","2,200","2,200",,,,,,,,,,,
CCAL1015,カルバンクライン,エタニティ フォーメン,EDTSP,100mL,香水,"3,350","3,350","3,350","3,350","3,350","3,350","3,400","3,450","3,450","3,450","3,450","3,450","3,400","3,400","3,400","3,400","3,400","3,400","3,300","3,300","3,400"
CAL1018,カルバンクライン,エタニティ フォーメン,EDTSP,30mL,香水,"1,800","1,800","1,800","1,800","1,800","1,800","1,800","1,950","1,950","1,950","1,950","1,900","1,850","1,850","1,820","1,820","1,820","1,800","1,780","1,750","1,730"
CAL1019,カルバンクライン,エタニティ フォーメン,EDTSP,50mL,香水,"2,350","2,350","2,350","2,350","2,350","2,350","2,350","2,450","2,450","2,450","2,450","2,450","2,450","2,450","2,450",,,,,,
CAL1021,カルバンクライン,シーケービー,EDTSP,100mL,香水,"2,450","2,450","2,450","2,450","2,450","2,450","2,450","2,450","2,450","2,450","2,450","2,450","2,400","2,400","2,400","2,400","2,400","2,400","2,400","2,400","2,400"
CCAL1024,カルバンクライン,シーケービー,EDTSP,50mL,香水,"1,850","1,850","1,850","1,850","1,850","1,850","1,850","1,750","1,750","1,750","1,750","1,750","1,750","1,750","1,750","1,750","1,750","1,730","1,730","1,730","1,730"
CAL1025,カルバンクライン,シーケービー,EDTSP,200mL,香水,"3,700","3,700","3,700","3,700","3,700","3,700","2,600","2,600","2,600","2,600","2,600","2,450","2,450","2,450","2,450",,,,,,"2,550"
CAL1431,カルバンクライン,シーケー ワン ゴールド,EDTSP,100mL,香水,"2,950","2,950","2,950","2,950","2,950","2,950","2,950","3,000","3,000","3,000",,,,,,,,,,,
CCAL1461,カルバンクライン,シーケー オール,EDTSP,100mL,香水,"3,200","3,200","3,200","3,200","3,200","3,200","3,200","3,150","3,150","3,150","3,000","3,000","2,950","2,950","2,940","3,200","3,200","3,200","3,200","3,200","3,200"
CCAL1481,カルバンクライン,シーケー エブリワン,EDTSP,100mL,香水,"3,500","3,500","3,500","3,500","3,500","3,500","3,500","3,500","3,500","3,500","3,350","3,350","3,300","3,300","3,290","3,500","3,500","3,500","3,500","3,500","3,500"
CAL1621,カルバンクライン,エタニティ フォーウィメン インテンス,EDPSP,50mL,香水,"2,350","2,350","2,350","2,350","2,350","2,350","2,350","2,350","2,350","2,350","2,350","2,350","2,350","2,350","2,350","2,350","2,350","2,350","2,350","2,350","2,350"
CAL1642,カルバンクライン,エタニティ フォー ウィメン アロマティック エッセンス パルファム インテンス,PSP,30mL,香水,"2,400","2,400","2,400","2,400","2,400","2,400","2,400","2,400","2,400","2,400","2,400","2,400","2,400","2,400","2,400","2,400","2,400","2,400",,,
CCAL1651,カルバンクライン,シーケー ワン エッセンス インテンス パルファム,PSP,50mL,香水,"3,300","3,300","3,300","3,300","3,300","3,300","3,300","3,300","3,300","3,300","3,300","3,300","3,300","3,300","3,300","3,300","3,300","3,300","3,300","3,300","3,300"
CAL1653,カルバンクライン,シーケー ワン エッセンス インテンス パルファム,PSP,100mL,香水,"4,000","3,950","3,950","3,950","3,950","3,950","3,950","3,950","3,950","3,950","3,950","3,950","3,950","3,950","3,900","3,800","3,800","3,800","3,800","3,800","3,800"
CAL1675,カルバンクライン,デファイ,PSP,50mL,香水,"2,500","2,500","2,500","2,500","2,500","2,500","2,500","2,500","2,500","2,500","2,500","2,500","2,500","2,500","2,500","2,500","2,500","2,500","2,500","2,500","2,500"
CAL1682,カルバンクライン,エタニティフォーウィメン アンバーエッセンス P インテンス,P,30mL,香水,"2,700","2,650","2,650","2,650","2,650","2,650","2,650","2,650","2,650","2,650","2,650","2,600","2,520","2,520","2,520","2,520","2,520","2,520","2,520","2,520","2,520"
CAL1685,カルバンクライン,エタニティフォーメン アンバーエッセンス P インテンス,P,50mL,香水,"3,600","3,550","3,550","3,550","3,550","3,550","3,550","3,550","3,550","3,550","3,550","3,450","3,450","3,450","3,450","3,450","3,450","3,450","3,450","3,400","3,400"
CAR1102,カルティエ,キャラ,EDPSP,30mL,香水,"4,500","4,500","4,500","4,500","4,500","4,500","4,500","4,500","4,500",,,,,,,,,,,,
CDR1466,クリスチャンディオール,ソヴァージュ,EDPSP,60mL,香水,"10,100","10,100","10,100","10,100","10,100","10,100","10,100",,,,,,,,,,,,,,
CHL1001,クロエ,クロエ,EDPSP,50mL,香水,"6,350","6,350","6,350","6,350","6,350","6,350",,,,,,,,,"6,400",,,"6,400","6,400","6,400","6,400"
CHL1152,クロエ,クロエ ラブストーリー,EDPSP,30mL,香水,"4,450","4,450","4,450","4,450","4,450","4,450","4,450","4,550","4,550","4,550",,,,,,,,,,,
CLE1172,クリーン,クラシック フレッシュランドリー,EDPSP,30mL,香水,"1,900","1,900","1,900","1,900","1,900","1,900","1,900","1,900","1,900","1,900","1,900","1,900","1,850","1,850","1,800","1,800","1,800","1,800","1,780","1,750","1,750"
CLE1252,クリーン,クラシック ピュアソープ,EDPSP,30mL,香水,"1,950","1,950","1,900","1,900","1,850","1,850","1,850","1,800","1,780","1,780","1,780","1,750","1,740","1,740","1,700","1,680","1,680","1,680","1,700","1,700","1,700"
CLE1261,クリーン,クラシック ハローサマー！,EDTSP,60mL,香水,"2,530","2,530","2,530","2,530","2,530","2,530","2,530","2,530","2,530","2,530","2,530","2,530","2,530","2,530","2,530","2,530","2,530","2,530","2,530","2,530","2,530"
CLE1281,クリーン,クラシック アップルブロッサム,EDPSP,60mL,香水,"3,200","3,200","3,200","3,200","3,200","3,200","3,200","3,150","3,150","3,150","3,150","3,100","3,090","3,090","3,090","3,050","3,050","3,050","3,000","2,950","2,900"
CLE1282,クリーン,クラシック アップルブロッサム,EDPSP,30mL,香水,"1,950","1,950","1,950","1,950","1,900","1,900","1,900","1,900","1,900","1,900","1,900","1,850","1,850","1,850","1,800","1,780","1,760","1,760","1,760","1,760","1,760"
CLE1311,クリーン,クラシック スプリング ブリーズ,EDPSP,60mL,香水,"2,900","2,900","2,900","2,900","2,900","2,900","2,900","2,850","2,850","2,850","2,850","2,850","2,850","2,850","2,850","2,800","2,800","2,800","2,800","2,800","2,800"
CLE1312,クリーン,クラシック スプリング ブリーズ,EDPSP,30mL,香水,"1,750","1,750","1,750","1,750","1,750","1,750","1,750","1,750","1,750","1,750","1,750","1,750","1,750","1,750","1,750","1,750","1,750","1,750","1,730","1,730","1,700"
CLE1321,クリーン,クラシック ストロベリーフィールド,EDPSP,60mL,香水,"3,100","3,100","3,100","3,100","3,100","3,100","3,100","3,100","3,100","3,100","3,100","3,100","3,050","3,050","3,050","3,000","3,000","3,000","2,900","2,900","2,900"
CLE1322,クリーン,クラシック ストロベリーフィールド,EDPSP,30mL,香水,"1,830","1,830","1,830","1,830","1,830","1,830","1,830","1,830","1,830","1,830","1,830","1,830","1,830","1,830","1,800","1,800","1,800","1,800","1,760","1,760","1,760"
CLQ1003,クリニーク,ハッピー,PSP,30mL,香水,"2,800","2,800","2,800","2,800","2,800","2,800","2,800","2,800","2,800","2,800","2,800","2,800","2,800","2,800","2,800","2,800","2,800","2,800","2,800","2,800","2,800"
COA1033,コーチ,コーチ 【EDT】,EDTSP,30mL,香水,"2,350","2,500","2,500","2,500","2,500","2,500","2,500","2,550","2,550","2,550","2,550","2,500","2,500","2,500","2,500","2,500","2,500","2,500",,,"2,520"
COA1043,コーチ,コーチ 【EDP】,EDPSP,30mL,香水,"2,550","2,600","2,600","2,600","2,600","2,600","2,600","2,600",,"2,600","2,600","2,600","2,600","2,600","2,600","2,600","2,600","2,600","2,620",,"2,620"
COA1046,コーチ,コーチ マン,EDTSP,40mL,香水,"2,250","2,250","2,250","2,250","2,250","2,250","2,250","2,450","2,450","2,450","2,450","2,450","2,450","2,450","2,450","2,450","2,450","2,450","2,450",,"2,450"
COA1052,コーチ,コーチ フローラル,EDPSP,30mL,香水,"2,460","2,460","2,460","2,460","2,460","2,460","2,500","2,550","2,550","2,550","2,550","2,600","2,600","2,500","2,500","2,500","2,500","2,500","2,600","2,600",
COA1082,コーチ,コーチ ドリームス,EDPSP,40mL,香水,"2,850","2,850","2,850","2,850","2,850","2,850",,"2,850","2,850","2,850","2,850","2,800","2,800","2,800","2,700","2,700","2,700","2,700","2,650","2,650",
COA1096,コーチ,コーチ マン グリーン,EDTSP,40mL,香水,"2,680","2,680","2,680","2,680","2,680","2,680","2,680","2,680","2,650","2,650","2,650","2,850","2,830","2,830","2,830","2,830","2,830","2,830","2,800","2,800",
COA1102,コーチ,コーチ ラブ,EDPSP,30mL,香水,"2,900","2,900","2,900","2,900","2,900","2,900","2,900","2,850","2,800","2,800","2,800","2,800","2,780","2,650","2,600","2,600","2,560","2,560","2,550","2,600","2,600"
COA1162,コーチ,コーチ ワイルドローズ,EDPSP,30mL,香水,"2,780","2,780","2,780","2,780","2,780","2,780","2,780",,,"2,780","2,780","2,780","2,780","2,780","2,780","2,780","2,780","2,750",,"2,700",
COA1172,コーチ,コーチ ドリームス サンセット,EDPSP,40mL,香水,"2,750","2,750","2,750","2,750","2,750","2,750",,"2,800","2,800","2,800","2,800","2,750","2,750","2,750","2,740","2,700","2,700","2,700","2,600","2,580","2,580"
COA1192,コーチ,コーチ ドリームス ムーンライト,EDPSP,40mL,香水,"2,750","2,750","2,750","2,750","2,750","2,750","2,750","2,750","2,750","2,750","2,750","2,750","2,750","2,750","2,750","2,750","2,700","2,700","2,650","2,650","2,650"
COA1206,コーチ,コーチ マン 【EP】,EDPSP,40mL,香水,"2,950","2,950","2,950","2,950","2,950","2,950","2,950","2,950","2,900","2,900","2,900","2,850","2,850","2,850","2,840","2,800","2,800","2,800","2,750","2,720","2,650"
CPP1007,シーピーパルファムズ,ニュートラルアフタヌーン,オーデトワレ ロールオン,12mL,香水,220,220,220,220,,,,,,,,,,,,,,,,,
CPP1008,シーピーパルファムズ,レイラズシャンプー,オーデトワレ ロールオン,12mL,香水,220,220,220,220,220,220,220,220,220,220,220,220,220,220,220,220,220,220,220,220,220
CPP1010,シーピーパルファムズ,ヌードランドリー,オーデトワレ ロールオン,12mL,香水,220,220,220,220,220,220,220,220,220,220,220,220,220,220,220,220,220,220,220,220,220
D&G1475,ドルチェ＆ガッバーナ,ザ ワン フォーメン,EDTSP,50mL,香水,"4,550",,,,,,,,,"4,600","4,600","4,600","4,550","4,550","4,550","4,500","4,500","4,500","4,400","4,400",
D&G1492,ドルチェ＆ガッバーナ,ドルチェ バイオレット,EDTSP,30mL,香水,"3,700","3,700","3,700","3,700","3,700","3,700","3,700",,"3,700","3,700","3,700",,,,,,,,,,
D&G1502,ドルチェ＆ガッバーナ,ドルチェ ブルージャスミン,EDPSP,30mL,香水,"3,850","3,850","3,850","3,850","3,850","3,850","3,850","3,850","3,850","3,850","3,850","3,850","3,850","3,850","3,850","3,850","3,850","3,850","3,850","3,850",
D&G1521,ドルチェ＆ガッバーナ,NEWドルチェ＆ガッバーナ ライトブルー,EDTSP,50mL,香水,"3,980","3,980",,"4,050","4,050","4,050","4,050","4,050","4,050","4,050","4,050",,,"4,050","4,050","4,050","3,790","3,790","3,790",,
D&G1522,ドルチェ＆ガッバーナ,NEWドルチェ＆ガッバーナ ライトブルー,EDTSP,30mL,香水,"2,900","2,900","2,900","2,900","2,900","2,900","2,900","2,850","2,800","2,800","2,800","2,750","2,750","2,750","2,750","2,720","2,720","2,720","2,720","2,720","2,700"
D&G1523,ドルチェ＆ガッバーナ,NEWドルチェ＆ガッバーナ ライトブルー,EDTSP,100mL,香水,"5,300","5,300","5,200","5,200","5,200","5,200","5,200","5,000","4,900","4,900","4,900","4,900","4,850","4,850","4,850","4,800","4,800","4,850",,,"4,850"
D&G1511,ドルチェ＆ガッバーナ,ドルチェ＆ガッバーナ ライトブルー カプリインラブ,EDPSP,50mL,香水,"4,850","4,850","4,750","4,750","4,750","4,750","4,750","4,700","4,700","4,600","4,600","4,450","4,450","4,450","4,450","4,400","4,400","4,400","4,400","4,400","4,400"
D&G1515,ドルチェ＆ガッバーナ,ドルチェ＆ガッバーナ ライトブルー プールオム カプリインラブ,EDPSP,50mL,香水,"4,100","4,100","4,050","4,050","4,050","4,050","4,050","4,000","4,000","3,900","3,900","3,800","3,800","3,800","3,800","3,750","3,750","3,750","3,750","3,750","3,750"
CDAV1002,ダビドフ,クールウォーター ウーマン,EDTSP,30mL,香水,"1,950","1,950","1,950","1,950","1,950","1,950",,,,,,,,"1,950",,,,,,,
CDAV1187,ダビドフ,クールウォーター メン,EDTSP,125mL,香水,"2,800","2,800","2,800","2,800","2,800","2,800","2,500","2,450","2,450","2,450","2,300","2,300","2,300","2,300","2,280","2,900","2,900","2,900",,,
DIP1111,ディプティック,オーローズ,EDTSP,50mL,香水,"10,900","10,900","10,900","10,900","10,900","10,900","10,900","10,900","10,800","10,800","10,800","10,800","10,800","10,800","10,800","10,750","10,750",,,,
DIP1091,ディプティック,オルフェオン,EDPSP,75mL,香水,"19,000","19,000","19,000","19,000",,,,,,,,,,,,,,,,,
DIP1191,ディプティック,タム ダオ,EDTSP,50mL,香水,"10,900","10,900","10,900","10,900","10,900","10,900","10,900","10,900","10,900","10,900",,,,,,,,,,,
DIP1181,ディプティック,ド ソン,EDTSP,50mL,香水,"10,900","10,900","10,900","10,900","10,900","10,900","10,900","10,900","10,900","10,900",,,,,,,,,,,
DIP1201,ディプティック,フィロシコス,EDTSP,50mL,香水,"10,900","10,900","10,900","10,900","10,900","10,900","10,900","10,700","10,700","10,700","10,700","10,700","10,700","10,700","10,700","10,650","10,650","10,650",,,
EAD1041,エリザベスアーデン,グリーンティ セントスプレイ,,50mL,香水,"1,080","1,080","1,080","1,080","1,080","1,080","1,080","1,080","1,080","1,080","1,080","1,080","1,080","1,080","1,080",,,,,,
EAD3013,エリザベスアーデン,グリーンティー ハニードロップ ボディクリーム,,500mL,ボディクリーム,"1,750","1,750","1,750","1,750","1,750","1,750","1,750","1,750","1,750",,,,,,,,,,,,
FER1052,サルヴァトーレフェラガモ,インカントチャーム,EDTSP,30mL,香水,"1,900","1,900","1,900","1,900","1,900","1,900","1,900","1,900","1,900","1,900","1,900","1,900","1,900","1,900","1,900","1,900","1,900",,"2,300","2,300",
FER1053,サルヴァトーレフェラガモ,インカントチャーム,EDTSP,100mL,香水,"3,050","3,050","3,050","3,050","3,050","3,050","3,050","3,050","3,000","3,000","3,000","3,000","3,000","3,000","3,000","3,000",,,,,
FER1072,サルヴァトーレフェラガモ,インカントシャイン,EDTSP,30mL,香水,"1,900","1,900","1,900","1,900","1,900","1,900","1,900","1,900","1,900",,,"1,900","1,900","1,900","1,900","1,900","1,900",,"2,300","2,300","2,300"
FER1073,サルヴァトーレフェラガモ,インカントシャイン,EDTSP,100mL,香水,"3,100","3,100","3,100","3,100","3,100","3,100","3,100","3,100","3,100","3,100","3,100","3,100","3,100","3,100","3,100","3,100",,,,,
FER1182,サルヴァトーレフェラガモ,インカント NEWブルーム,EDTSP,30mL,香水,"1,920","1,920","1,920","1,920","1,920","1,920","1,920","1,920","1,920","1,920","1,920","1,920","1,920","1,920","1,920",,,"1,920",,,
FER1272,サルヴァトーレフェラガモ,シニョリーナ 【EDP】,EDPSP,30mL,香水,"3,200","3,200","3,200","3,200","3,200","3,200","3,200","3,200","3,200","3,200","3,200","3,200","3,100","3,100","3,100","3,100","3,100","3,100","3,100","3,100","3,100"
FER1292,サルヴァトーレフェラガモ,シニョリーナ ミステリオーサ,EDPSP,30mL,香水,"3,300","3,300","3,300","3,300","3,300","3,300","3,300","3,300",,,,,,,,,,,,,
FER1362,サルヴァトーレフェラガモ,シニョリーナ リベレ,EDPSP,30mL,香水,"3,000","3,000","3,000","3,000","3,000","3,000","3,000","3,000","3,000","3,000","3,000","2,900","2,900","2,900","2,900","2,900","2,900","2,900","2,900","2,900","2,900"
FER1391,サルヴァトーレフェラガモ,シニョリーナ ファッションエディションカプセルコレクション イン フィオーレ,EDTSP,50mL,香水,"2,900","2,900","2,900","2,900","2,900","2,900","2,900","2,900","2,900","2,900","2,900",,,,,,,,,,
FER1401,サルヴァトーレフェラガモ,シニョリーナ ファッションエディションカプセルコレクション リベレ,EDTSP,50mL,香水,"2,900","2,900","2,900","2,900","2,900","2,900","2,900","2,900","2,900","2,900","2,900",,,,,,,,,,
GIV1567,ジバンシイ,ウルトラマリン,EDTSP,100mL,香水,"2,800","2,800","2,800","2,800","2,800","2,800","2,800","2,800","2,800","2,800","2,800","2,900","2,900","2,900","2,900","2,900","2,900","2,900","2,900","2,850","2,800"
GUC1423,グッチ,ラッシュ,EDTSP,75mL,香水,"7,100","7,100","7,100","7,100","7,100","7,100","7,100","7,100","7,100","7,100","7,100","7,100","7,100","7,100","7,100","7,100","7,100","7,100","7,100","7,150","7,150"
ISS1071,イッセイミヤケ,ロードゥイッセイ,EDTSP,50mL,香水,"3,550","3,900","3,900","3,900","3,900","3,900","3,950","3,900","3,850","3,800","3,900","3,900","3,900","3,900","3,900","3,900","3,900","3,900","3,900","3,950","3,950"
ISS1076,イッセイミヤケ,ロードゥイッセイ プールオム,EDTSP,75mL,香水,"3,600",,,"3,600","3,600","3,600","3,600","3,600","3,600","3,550","3,500","3,300","3,300","3,280","3,280","3,280","3,280","3,280","3,280","3,200","3,400"
ISS1275,イッセイミヤケ,ロードゥイッセイウッド＆ウッド,EDPSP,50mL,香水,"3,500","3,500","3,500","3,500","3,500","3,500","3,500","3,480","3,480","3,480","3,480","3,480","3,480","3,480","3,500","3,500",,,,"3,650","3,650"
ISS1341,イッセイミヤケ,ロードゥイッセイ ピオニー オードトワレインテンス,EDTSP,50mL,香水,"3,900","3,900","3,900","3,900","3,900","3,900","3,900","3,900","3,900","3,850","3,850","3,850","3,850","3,850","3,850","3,850","3,850","3,850","3,850","3,850","3,850"
JIM1001,ジミーチュウ,ジミーチュウ,EDTSP,40mL,香水,"2,590","2,590","2,590","2,590","2,590","2,590",,"2,600","2,600","2,600","2,600","2,600","2,600","2,600","2,600","2,600","2,550","2,550","2,500","2,500","2,500"
JIM1076,ジミーチュウ,ジミーチュウ マン,EDTSP,30mL,香水,"2,380","2,380","2,380","2,380","2,380","2,380","2,380","2,400","2,450","2,450","2,450","2,480","2,480","2,480","2,480","2,480","2,400","2,400","2,380","2,380","2,380"
JIM1131,ジミーチュウ,ジミーチュウ ロー,EDTSP,40mL,香水,"2,750","2,750","2,750","2,750","2,750","2,750","2,750","2,650","2,600","2,550","2,550","2,550","2,550","2,550","2,550","2,550","2,500","2,480","2,450","2,450","2,450"
JIM1146,ジミーチュウ,ジミーチュウ マンアイス,EDTSP,30mL,香水,"2,900","2,900","2,900","2,900",,,"2,900","2,900","2,900","2,950","2,950","2,900","2,900","2,900","2,900","2,900","2,700","2,680","2,630","2,630","2,630"
JIM1156,ジミーチュウ,ジミーチュウ マンブルー,EDTSP,30mL,香水,"2,850","2,850","2,800","2,800","2,800","2,800","2,800","2,800","2,800","2,800","2,800","2,800","2,750","2,750","2,750","2,700","2,700","2,700","2,700","2,650","2,650"
JIM1172,ジミーチュウ,ジミーチュウ フローラル,EDTSP,40mL,香水,"2,780","2,750","2,750","2,750","2,750","2,750","2,750","2,750","2,750","2,750","2,750","2,700","2,700","2,690","2,690","2,600","2,550","2,500","2,480","2,480","2,480"
JIM1206,ジミーチュウ,ジミー チュウ アーバンヒーロー,EDPSP,30mL,香水,"2,700","2,700","2,700","2,700","2,700","2,700","2,700","2,700","2,700","2,700","2,700","2,650","2,650","2,650","2,650","2,650","2,650","2,650","2,650","2,650","2,650"
JIM1222,ジミーチュウ,アイ・ウォント・チュウ,EDPSP,40mL,香水,"3,650","3,650","3,650","3,650","3,650","3,650","3,650","3,600","3,600","3,600","3,600","3,600","3,600","3,600","3,600","3,600","3,450","3,450","3,400","3,400","3,400"
JIM1246,ジミーチュウ,ジミーチュウ マン アクア,EDTSP,30mL,香水,"2,900","2,900","2,900","2,900","2,900","2,900","2,900","2,850","2,850","2,850","2,850","2,850","2,850","2,850","2,850","2,850","2,850","2,850","2,800","2,780","2,780"
JIM1252,ジミーチュウ,アイ・ウォント・チュウ フォーエバー,EDPSP,40mL,香水,"3,600","3,600","3,600","3,600","3,600","3,600",,"3,600","3,600","3,600","3,600","3,600","3,600","3,580","3,580","3,580","3,400","3,400","3,300","3,300",
JIM1272,ジミーチュウ,ジミー チュウ ローズ パッション,EDPSP,40mL,香水,"2,700","2,700","2,700","2,700","2,700","2,700",,"3,100","3,100","3,100","3,100","3,100","3,100","2,950","2,950","2,950","2,950","2,950","2,950","2,950","2,950"
JIM1282,ジミーチュウ,アイ・ウォント・チュウ ル パルファム,PSP,40mL,香水,"4,100","4,100","4,100","4,100","4,100","4,100","4,100","4,100","4,100","4,100","4,100","4,100","4,100","4,090","4,090","4,090","4,090","4,090","4,090","4,090","4,090"
JIM1296,ジミーチュウ,ジミーチュウ マン エクストリーム,EDPSP,30mL,香水,"3,700","3,700","3,700","3,700","3,700","3,700","3,700","3,700","3,700","3,650","3,650","3,600","3,570","3,570","3,570","3,500","3,450","3,400","3,400","3,400","3,400"
JLO1002,ジェニファーロペス,グロウ バイ ジェイロー,EDTSP,30mL,香水,"1,580","1,580","1,580","1,580","1,580","1,580",,,,,,,,,,,,"2,000","1,700","1,680",
JOM1053,ジョーマローン,イングリッシュペアー＆フリージア,EDCSP,100mL,香水,"11,300","11,300","11,300","11,300",,,,,,,,,,,,"11,300","12,200","12,100","12,100","12,100",
JOM1063,ジョーマローン,ブラックベリー＆ベイ,EDCSP,100mL,香水,"13,000","13,000","13,000","13,000","13,000","13,000","13,000","13,000","13,000","13,000","13,000","13,000","13,000","12,900","12,900","12,900","12,900","12,900","12,900","12,900","12,900"
KSN1042,ケイト・スペード・ニューヨーク,ケイトスペード,EDPSP,40mL,香水,"2,350","2,350","2,350","2,350","2,350","2,350","2,350","2,300","2,300","2,300","2,300","2,280","2,280","2,270","2,270","2,270","2,270","2,270","2,270","2,270","2,400"
KSN1052,ケイト・スペード・ニューヨーク,ケイトスペード シェリー,EDPSP,40mL,香水,"2,500","2,500","2,500","2,500","2,500","2,500","2,500","2,500","2,450","2,450","2,450","2,450","2,450","2,450","2,450","2,450","2,450","2,450",,,
KSN1062,ケイト・スペード・ニューヨーク,ブルーム,EDTSP,40mL,香水,"2,050","2,050","2,050","2,050","2,050","2,050","2,050","2,050","2,050","2,050","2,050","2,050","2,050","2,050","2,050","2,050","2,050","2,050","2,300","2,300","2,300"
L&P1011,ラブ＆ピース,ラブ＆ピース,EDPSP,50mL,香水,"1,800","1,800","1,800","1,800","1,800","1,800","1,800",,"1,800","1,800","1,800","1,800","1,800",,"1,800","1,850","1,850","1,850",,,
L&P1012,ラブ＆ピース,ラブ＆ピース Ⅱ,EDPSP,50mL,香水,"1,800","1,800","1,800","1,800","1,800","1,800","1,800","1,800","1,800","1,800","1,800","1,800","1,800","1,800","1,800",,,,,,
LAN1002,ランコム,トレゾア,EDPSP,30mL,香水,"3,780","3,780","3,780","3,780","3,780","3,780","3,800","3,800","3,800","3,800","3,800","3,800","3,800","3,800",,"4,000",,,,,
LAN1042,ランコム,ミラク,EDPSP,30mL,香水,"4,800","4,800","4,700","4,700",,,,,,,"4,700","4,600","4,600","4,550","4,550","4,540","4,500",,,"4,480","4,350"
LAN1203,ランコム,ミラク,EDPSP,100mL,香水,"10,000","10,000","10,000","10,000","10,000","10,000","10,000","9,980","9,980","9,980","9,980","9,980","9,980","9,980","9,980","9,980","9,980","9,980","10,000","10,000","10,000"
LOE1111,ロエベ,ロエベ 001 ウーマン【EDT】,EDTSP,50mL,香水,"9,400","9,400","9,400","9,400","9,400","9,400","9,400","9,400",,,,,,,,,,,,,
LOE1121,ロエベ,ロエベ 001 ウーマン【EDP】,EDPSP,50mL,香水,"9,600","9,600","9,600","9,600","9,600",,,,,,,,,,,,,,,,
TLOE111,ロエベ,【テスター】 ロエベ 001 ウーマン 【EDT】,EDTSP,100mL,香水,"9,350","9,350","9,350","9,350","9,350","9,350","9,350","9,350","9,350","9,300","9,300","9,300","9,200","9,200","9,200","9,180","9,180","9,180","9,180","9,180","9,180"
TLOE115,ロエベ,【テスター】 ロエベ 001 マン 【EDT】,EDTSP,100mL,香水,"9,170","9,170","9,170","9,170","9,170","9,170","9,170","9,170","9,170","9,150","9,150","9,150","9,050","9,050","9,050","9,050","9,050",,,,
TLOE121,ロエベ,【テスター】 ロエベ 001 ウーマン 【EDP】,EDPSP,100mL,香水,"9,900","9,900","9,900","9,900","9,900","9,900","9,900","9,900","9,900","9,800","9,800","9,800","9,700","9,700","9,700","9,700","9,700","9,700","9,700","9,700","9,700"
LVN1021,ランバン,エクラ ドゥ アルページュ,EDPSP,50mL,香水,"2,800",,,"2,800","2,800","2,800","2,800","2,780",,"2,780","2,780",,,"2,750","2,750","2,750","2,750","2,750","2,700","2,680","2,600"
LVN1022,ランバン,エクラ ドゥ アルページュ,EDPSP,30mL,香水,"1,900","1,900","1,900","1,900","1,900","1,900","1,920","1,900","1,900","1,900","1,900","1,900","1,900","1,900","1,900","1,900","2,000","2,300","2,300","2,300","2,300"
LVN1222,ランバン,モダン プリンセス,EDPSP,30mL,香水,"2,800","2,750","2,750","2,750","2,750","2,750","2,650","2,650",,"2,650","2,650","2,500","2,500","2,500","2,500","2,500","2,500","2,500","2,550","2,550",
LVN1291,ランバン,レ フルール ド ランバン ウォーターリリー,EDTSP,50mL,香水,"2,720","2,720","2,680","2,680","2,680","2,680","2,680","2,680","2,680","2,600","2,600","2,590","2,590","2,590","2,500","2,500","2,500","2,500",,,
LVN1301,ランバン,レ フルール ド ランバン サニーマグノリア,EDTSP,50mL,香水,"2,720","2,720","2,680","2,680","2,680","2,680","2,680","2,680","2,680","2,600","2,600","2,590","2,590","2,590","2,500","2,500","2,500","2,500",,,"2,500"
LVN1311,ランバン,レ フルール ド ランバン ブルーオーキッド,EDTSP,50mL,香水,"2,720","2,720","2,680","2,680","2,680","2,680","2,680","2,680","2,680","2,600","2,600","2,590","2,590","2,590","2,500","2,500","2,500","2,500",,,
LVN1322,ランバン,エクラ・ドゥ・アルページュ モン エクラ,EDPSP,30mL,香水,"2,000","2,000","2,000","2,000","2,000","2,000","2,000","2,000","2,000","2,000","2,000","2,000","2,000","2,000","2,000","2,000","2,000","2,000","2,000","2,000","2,000"
LVN1332,ランバン,マリー・ミー！,EDPSP,30mL,香水,"2,450","2,450","2,450","2,450","2,450","2,450","2,450","2,400","2,400","2,400","2,400","2,400","2,400","2,400","2,400","2,400","2,400","2,400","2,400","2,400","2,400"
LVN1341,ランバン,レ フルール ド ランバン スィートジャスミン,EDTSP,50mL,香水,"2,300","2,300","2,300","2,300","2,300","2,300","2,300","2,300","2,300","2,300","2,300","2,300","2,300","2,300","2,300","2,300","2,300","2,300","2,300","2,250","2,250"
LVN1352,ランバン,モダン プリンセス イン ジーンズ,EDPSP,30mL,香水,"2,500","2,500","2,500","2,500","2,500","2,500","2,500","2,500",,,"2,500","2,500","2,500","2,480","2,480","2,480","2,480","2,480","2,480",,"2,480"
LVN3009,ランバン,エクラ・ドゥ・アルページュ ボディローション,ボディローション,100mL,香水,"1,480","1,480","1,480","1,480","1,480","1,480","1,480","1,480","1,480","1,480","1,450","1,450","1,450","1,450","1,450","1,450","1,450","1,450","1,450","1,450","1,450"
MOS1102,モスキーノ,モスキーノ・トイ・ボーイ,EDPSP,30mL,香水,"2,850","2,800","2,800","2,800","2,800","2,800","2,800","2,800","2,800","2,700","2,700","2,700","2,700","2,690","2,690","2,690","2,690","2,690","2,690","2,690","2,690"
MOS1112,モスキーノ,モスキーノ・トイ2 バブルガム,EDTSP,30mL,香水,"2,700","2,700","2,700","2,700","2,700","2,700","2,700","2,700","2,700","2,700","2,700","2,600","2,600","2,570","2,570","2,570","2,570","2,570","2,570","2,570","2,650"
MUF1111,M.U.F,エムユーエフ ワン ブルーブリーズ,EDTSP,30mL,香水,200,200,200,200,200,200,200,200,200,200,200,200,200,200,200,200,200,200,,,
MUF1115,M.U.F,エムユーエフ ワン マイシーズン,EDTSP,30mL,香水,180,180,180,180,180,180,180,180,,,,,,,,,,,,,
MZN1003,メゾンマルジェラ,レプリカ オードトワレ オータムバイブス,EDTSP,100mL,香水,"9,350","9,350","9,350","9,350","9,350","9,350","9,350","9,350","9,350","9,350","9,350","9,350","9,350","9,350",,,,,,,
MZN1022,メゾン マルジェラ,レプリカ オードトワレ レイジー サンデー モーニング,EDTSP,30mL,香水,"5,550","5,550","5,550","5,550","5,550","5,550","5,550","5,800","5,800",,,,,,,,,,,"6,400","6,000"
MZN1023,メゾン マルジェラ,レプリカ オードトワレ レイジー サンデー モーニング,EDTSP,100mL,香水,"9,000",,,,,,,,"9,000",,,,,,,"9,700","9,600","9,300","9,200","9,200",
MZN1046,メゾン マルジェラ,レプリカ オードトワレ ジャズ クラブ,EDTSP,30mL,香水,"5,300","5,300","5,300","5,300","5,300","5,300","5,280","5,280","5,280","5,280","5,280","5,280","5,280","5,280",,,,,,"6,600","6,000"
MZN1047,メゾン マルジェラ,レプリカ オードトワレ ジャズ クラブ,EDTSP,100mL,香水,"8,800","8,800","8,800","8,800","8,800","8,800","8,700","8,700","8,700","8,700","8,700","8,700","8,700",,,,,,,,
MZN1154,メゾン マルジェラ,レプリカ オードトワレ バイ ザ ファイヤープレイス,EDTSP,10mL,香水,"2,800","2,800","2,800","2,800","2,800","2,800","2,800",,,,,,,,,,,,,,
MZN1162,メゾン マルジェラ,レプリカ オードトワレ ビーチウォーク,EDTSP,30mL,香水,"6,500","6,500","6,500","6,500","6,500","6,500",,,,,,,,,,,,,"6,200","6,200","6,200"
MZN3001,メゾン マルジェラ,レプリカ ハンドクリーム レイジーサンデーモーニング,ハンドクリーム,30mL,ハンドクリーム,"2,500","2,550","2,550","2,550","2,550","2,550","2,550",,,,,,,,,,,,,,
MZN3003,メゾン マルジェラ,レプリカ ボディローション レイジーサンデーモーニング,ボディローション,200mL,ボディローション,"4,200","4,250","4,250","4,250","4,250","4,250","4,250",,,,,,,,,,,,,,
MZN3004,メゾン マルジェラ,レプリカ ハンドクリーム セーリング デイ,ハンドクリーム,30mL,香水,"2,250","2,250","2,250","2,250","2,250","2,250","2,250","2,250","2,250","2,250","2,250","2,200","2,200",,,,,,,,
MZN3101,メゾン マルジェラ,レプリカ キャンドル レイジーサンデーモーニング,キャンドル,70g,キャンドル,"3,800","3,800","3,800","3,800","3,800","3,800","3,800","3,800","3,800","3,800","3,800","3,800","3,750","3,750","3,750","3,750","3,750","3,750","3,750","3,750","3,750"
NIS1001,ニシャネ,ウーロンチャ エキストレドゥ パルファム,PSP,50mL,香水,"12,700","12,700","12,700","12,700","12,700","12,700","12,700","12,700","12,700","12,700","12,700","12,500","12,500","12,500","12,500","12,500","12,500","12,500","12,500","12,600","12,600"
PRA1167,プラダ,ルナ ロッサ ブラック,EDPSP,100mL,香水,"9,450","9,450","9,450","9,450","9,450","9,450",,,,,,,,,,,,,,,
RAL1017,ラルフローレン,ポロブルー,EDTSP,40mL,香水,"3,850","3,800","3,700","3,650","3,650","3,650","3,600","3,400","3,400","3,400","3,400","3,400","3,350","3,350","3,350","3,350","3,380","3,380","3,350",,
RAL1062,ラルフローレン,ラルフ,EDTSP,30mL,香水,"3,450",,,,,,,,,,"3,450",,,,,,,,,"3,290","3,290"
RAL1217,ラルフローレン,ポロスポーツ,EDTSP,125mL,香水,"4,600","4,600","4,600","4,600","4,600","4,600","4,600","4,600","4,600","4,600","4,600","4,600","4,600","4,600","4,600","4,600","4,600","3,450",,,
ROC1082,ロシャス,マドモアゼル ロシャス,EDTSP,30mL,香水,"1,850","1,850","1,850","1,850","1,850","1,850","1,850","1,850","1,850","1,850","1,850","1,850","1,850","1,850","1,850","1,850","1,850","1,850","1,850","1,850","1,850"
THER243,エルメス,【テスター品】 シテールの庭,EDTSP,100mL,香水,"8,850","8,850","8,850","8,850","8,850","8,850","8,850","8,850","8,850","8,850","8,850","8,850","8,850","8,850","8,850","8,850","8,850","8,850","8,850","8,850","8,850"
TVER121,ヴェルサーチェ,【テスター品】 ブライトクリスタル,EDTSP,90mL,香水,"4,250",,,,,,,,,,,,,,,,,,,,
TVER185,ヴェルサーチェ,【テスター品】 エロス,EDTSP,100mL,香水,"4,400","4,400","4,400","4,400","4,400","4,400","4,400","4,400","4,400","4,400","4,400","4,400","4,400","4,400","4,400",,,,,,
VER1015,ヴェルサーチェ,ブルージーンズ,EDTSP,75mL,香水,"2,200","2,200","2,200","2,200","2,200","2,200","2,200","2,500",,"2,500","2,500",,,,,,,"2,200","2,200",,
VER1116,ヴェルサーチェ,ヴェルサーチェ マン オーフレッシュ,EDTSP,30mL,香水,"3,300","3,300","3,200","3,200","3,200","3,200","3,200","3,550","3,550","3,550","3,400","3,400","3,400","3,400",,,,"3,350","3,250","3,250","3,700"
VER1122,ヴェルサーチェ,ブライト クリスタル,EDTSP,30mL,香水,"3,600","3,600","3,500","3,500","3,500","3,500","3,500","3,500",,"3,500","3,500","3,400","3,400","3,400",,,,"3,450",,"3,400",
VER1132,ヴェルサーチェ,ヴェルセンス,EDTSP,30mL,香水,"3,550","3,550","3,550","3,550","3,550","3,550","3,500","3,500",,"3,500","3,500","3,500","3,500","3,500","3,500",,,"3,500",,,"4,000"
VER1162,ヴェルサーチェ,イエローダイアモンド,EDTSP,30mL,香水,"3,200","3,200","3,200","3,200","3,200","3,200","3,200","3,200",,"3,900","3,900",,,,,,"3,800","3,800","3,750","3,800","3,800"
VER1163,ヴェルサーチェ,イエローダイアモンド,EDTSP,90mL,香水,"6,000","6,000","6,000","6,000","6,000","6,000","6,000","6,000","6,000","6,000","5,900","5,800","5,800","5,800","5,800","5,800","5,800","5,780","5,780","5,800","6,500"
VER1241,ヴェルサーチェ,ディランブルー フェム,EDPSP,50mL,香水,"4,800","4,800","4,800","4,800","4,800","4,800","4,800","4,800","4,800","4,800","4,800","4,800","4,800","4,700","4,700",,,,,,
VER1256,ヴェルサーチェ,エロス フレイム,EDPSP,30mL,香水,"3,450","3,450","3,400","3,400","3,400","3,400","3,400","3,400","3,400","3,400","3,400","3,400","3,400","3,400","3,400",,,,,,"3,650"
YSL1413,イヴサンローラン,リブレ 【EDT】,EDTSP,90mL,香水,"11,800","11,800","11,800","11,800","11,800","11,800","11,800","11,800","11,750","11,750","11,800","11,800","11,700","11,680","11,680","11,680","11,680","11,680","11,680","11,680","11,680"
YSN1001,ユシン,ユシン ミリョク,EDTSP,50mL,香水,"1,450","1,450","1,450","1,450","1,450","1,450","1,450","1,450","1,450","1,450","1,450","1,450","1,450","1,450","1,450","1,450","1,450","1,450","1,450","1,450","1,450"
ALT3007,アルタモーダ,ミューズオブモーダ ボディミスト 【廃番】,ボディミスト,140mL,弊社PB・代理店商品,180,180,180,180,180,180,180,180,180,180,180,180,180,180,180,180,180,180,180,180,180
ALT3011,アルタモーダ,【NEW】ムーン オブ ホープ ボディミスト,ボディミスト,85mL,弊社PB・代理店商品,300,300,300,300,300,300,300,300,300,300,300,300,300,300,300,300,300,300,300,300,300
ALT3012,アルタモーダ,【NEW】キューティー マジック ボディミスト,ボディミスト,85mL,弊社PB・代理店商品,300,300,300,300,300,300,300,300,300,300,300,300,300,300,300,300,300,300,300,300,300
ALT3013,アルタモーダ,【NEW】ファナティック フラワー ボディミスト,ボディミスト,85mL,弊社PB・代理店商品,300,300,300,300,300,300,300,300,300,300,300,300,300,300,300,300,300,300,300,300,300
ALT3014,アルタモーダ,【NEW】ナンバー ゼロ ボディミスト,ボディミスト,85mL,弊社PB・代理店商品,300,300,300,300,300,300,300,300,300,300,300,300,300,300,300,300,300,300,300,300,300
ALT3015,アルタモーダ,【NEW】オーセンティック ブルー ボディミスト,ボディミスト,85mL,弊社PB・代理店商品,300,300,300,300,300,300,300,300,300,300,300,300,300,300,300,300,300,300,300,300,300
ALT3016,アルタモーダ,【NEW】オーセンティック シャイン ボディミスト,ボディミスト,85mL,弊社PB・代理店商品,300,300,300,300,300,300,300,300,300,300,300,300,300,300,300,300,300,300,300,300,300
ALT3017,アルタモーダ,【NEW】ミューズオブモーダ ボディミスト,ボディミスト,85mL,弊社PB・代理店商品,300,300,300,300,300,300,300,300,300,300,300,300,300,300,300,300,300,300,300,300,300
CHL3002,クロエ,クロエ パフューム ボディクリーム,ボディクリーム,150mL,スキンケア・ボディケア,"7,150","7,150","7,150","7,150","7,150","7,150","7,150","7,150","7,150","7,150","7,150","7,150","7,150","7,150","7,150","7,150","7,150","7,150","7,150","7,150","7,150"
CLN1001,ケーリン,オー!ワオ ブラシ,メイクアップグッズ,,弊社PB・代理店商品,"1,500","1,500","1,500","1,500","1,500","1,500","1,500","1,500","1,500","1,500","1,500","1,500","1,500","1,500","1,500","1,500","1,500","1,500","1,500","1,500","1,500"
CSM1550,-,"ウィルシュータ（マスク,スプレー各1替え布20枚）",マスク,1ｾｯﾄ2～3週間使用可,国内メーカーアイテム,"1,200","1,200","1,200","1,200","1,200","1,200","1,200","1,200","1,200","1,200","1,200","1,200","1,200","1,200","1,200","1,200","1,200","1,200","1,200","1,200","1,200"
CSM51831,イニスフリー,イニスフリー ノーセバムパウダークッション ローズバニラ,クッションファンデ,14g,国内メーカーアイテム,"1,650","1,650","1,650","1,650","1,650","1,650","1,650","1,650","1,650","1,650","1,650","1,650","1,650","1,650","1,650","1,650","1,650","1,650","1,650","1,650","1,650"
CSM5201,ピュアスマイル,ピュアスマイル 多様生物マスク カタツムリ,シートマスク・パック,23mL,国内メーカーアイテム,44,44,44,44,44,44,44,44,44,44,44,44,44,44,,,,,,,
CSM54029,サプライズ,ORUNENクリーナー3点セット,,,国内メーカーアイテム,190,190,190,190,190,190,190,190,190,190,190,190,190,190,190,190,190,190,190,190,190
FRG1001,フレグラム,ティー＆シトラス フレグランス,オーデトワレ スプレー,50mL,弊社PB・代理店商品,"1,800","1,800","1,800","1,800","1,800","1,800","1,800","1,800","1,800","1,800","1,800","1,800","1,800","1,800","1,800","1,800","1,800","1,800","1,800","1,800","1,800"
FRG1002,フレグラム,フレッシュウォーター フレグランス,オーデトワレ スプレー,50mL,弊社PB・代理店商品,"1,800","1,800","1,800","1,800","1,800","1,800","1,800","1,800","1,800","1,800","1,800","1,800","1,800","1,800","1,800","1,800","1,800","1,800","1,800","1,800","1,800"
FRG1004,フレグラム,リッチペア フレグランス,オーデトワレ スプレー,50mL,弊社PB・代理店商品,"1,800","1,800","1,800","1,800","1,800","1,800","1,800","1,800","1,800","1,800","1,800","1,800","1,800","1,800","1,800","1,800","1,800","1,800","1,800","1,800","1,800"
FRG1101,フレグラム,ティー＆シトラス ファブリックミスト,衣類・リビング用消臭剤・芳香剤,40mL,弊社PB・代理店商品,300,300,300,300,300,300,300,300,300,300,300,300,300,300,300,300,300,300,300,300,300
FRG1102,フレグラム,フレッシュウォーター ファブリックミスト,衣類・リビング用消臭剤・芳香剤,40mL,弊社PB・代理店商品,300,300,300,300,300,300,300,300,300,300,300,300,300,300,300,300,300,300,300,300,300
FRG1103,フレグラム,グリーン＆ベリー ファブリックミスト,衣類・リビング用消臭剤・芳香剤,40mL,弊社PB・代理店商品,300,300,,,,,,,,,,,300,,,,,,,,
FRG1104,フレグラム,リッチペア ファブリックミスト,衣類・リビング用消臭剤・芳香剤,40mL,弊社PB・代理店商品,300,300,300,300,300,300,300,300,300,300,300,300,300,300,300,300,300,300,300,300,300
FRG1105,フレグラム,ブランサボン ファブリックミスト,衣類・リビング用消臭剤・芳香剤,40mL,弊社PB・代理店商品,300,300,300,300,300,300,300,300,300,300,300,300,300,300,300,300,300,300,300,300,300
FRG1106,フレグラム,スウィートシトラス ファブリックミスト,衣類・リビング用消臭剤・芳香剤,40mL,弊社PB・代理店商品,300,300,300,300,300,300,300,300,300,300,300,300,300,300,300,300,300,300,300,300,300
FRG1111,フレグラム,ティー＆シトラス ファブリックミスト,衣類・リビング用消臭剤・芳香剤,300mL,弊社PB・代理店商品,600,600,600,600,600,600,600,600,600,600,600,600,350,350,350,350,350,350,350,350,350
FRG1112,フレグラム,フレッシュウォーター ファブリックミスト,衣類・リビング用消臭剤・芳香剤,300mL,弊社PB・代理店商品,600,600,600,600,600,600,600,600,600,600,600,600,600,600,600,600,600,600,600,600,600
FRG1114,フレグラム,リッチペア ファブリックミスト,衣類・リビング用消臭剤・芳香剤,300mL,弊社PB・代理店商品,600,600,600,600,600,600,600,600,600,600,600,600,600,600,600,600,600,600,600,600,600
FRG1116,フレグラム,スウィートシトラス ファブリックミスト,衣類・リビング用消臭剤・芳香剤,300mL,弊社PB・代理店商品,600,600,600,600,600,600,600,600,600,600,600,600,600,600,600,600,600,600,600,600,600
FRG1201,フレグラム,ティー＆シトラス リードディフューザー,ディフューザー,190mL,弊社PB・代理店商品,"2,100","2,100","2,100","2,100","2,100","2,100","2,100","2,100","2,100","2,100","2,100","2,100","2,100","2,100","2,100","2,100","2,100","2,100","2,100","2,100","2,100"
FRG1202,フレグラム,フレッシュウォーター リードディフューザー,ディフューザー,190mL,弊社PB・代理店商品,"2,100","2,100","2,100","2,100","2,100","2,100","2,100","2,100","2,100","2,100","2,100","2,100","2,100","2,100","2,100","2,100","2,100","2,100","2,100","2,100","2,100"
FRG1203,フレグラム,グリーン＆ベリー リードディフューザー,ディフューザー,190mL,弊社PB・代理店商品,"2,100","2,100","2,100","2,100","2,100","2,100","2,100","2,100","2,100","2,100","2,100","2,100","2,100","2,100","2,100","2,100","2,100","2,100","2,100","2,100","2,100"
FRG1204,フレグラム,リッチペア リードディフューザー,ディフューザー,190mL,弊社PB・代理店商品,"2,100","2,100","2,100","2,100","2,100","2,100","2,100","2,100","2,100","2,100","2,100","2,100","2,100","2,100","2,100","2,100","2,100","2,100","2,100","2,100","2,100"
JAM1014,ジャックマルクス,アトマイザー スティックシェイプ レッド,スティック,3.1mL,弊社PB・代理店商品,"1,000","1,000","1,000","1,000","1,000","1,000","1,000","1,000","1,000","1,000","1,000","1,000","1,000","1,000","1,000","1,000","1,000","1,000","1,000","1,000","1,000"
JAM1018,ジャックマルクス,アトマイザー スティックシェイプ マジェンタ,スティック,3.1mL,弊社PB・代理店商品,"1,000","1,000","1,000","1,000","1,000","1,000","1,000","1,000","1,000","1,000","1,000","1,000","1,000","1,000","1,000","1,000","1,000","1,000","1,000","1,000","1,000"
JAM1024,ジャックマルクス,アトマイザー オーバルシェイプ マジェンタ,オーバル,5.2mL,弊社PB・代理店商品,"1,000","1,000","1,000","1,000","1,000","1,000","1,000","1,000","1,000","1,000","1,000","1,000","1,000","1,000","1,000","1,000","1,000","1,000","1,000","1,000","1,000"
JAM1026,ジャックマルクス,アトマイザー オーバルシェイプ ターコイズ,オーバル,5.2mL,弊社PB・代理店商品,"1,000","1,000","1,000","1,000","1,000","1,000","1,000","1,000","1,000","1,000","1,000","1,000","1,000","1,000","1,000","1,000","1,000","1,000","1,000","1,000","1,000"
LAN5310,ランコム,ビファシル,,125mL,アイリムーバー・メイク落とし,"3,600","3,600","3,600","3,600","3,600","3,600","3,600","3,600","3,600","3,600","3,600","3,600","3,600","3,600","3,600","3,600","3,600","3,600","3,600","3,600","3,600"
LHE50771,ヘレナ ルビンスタイン(正規品),ラッシュクイーン クリーンボリューム ブラック,マスカラ,,メイク用品,"2,000","2,000","2,000","2,000","2,000","2,000","2,000","2,000","2,000",,,,,,,,,,,,
LOC5343,ロクシタン,ヴァーベナ アイスハンドクリーム 箱無し,ハンドクリーム・ケア,30mL,メイク用品,880,880,880,880,880,880,880,880,880,880,880,880,880,,,,,,,,
LOC5345,ロクシタン,ローズ（ROS） ハンドクリーム,ハンドクリーム・ケア,30mL,メイク用品,800,800,800,800,800,800,800,,,,,,,,,,,,,,
LOC5348,ロクシタン,シアソープ ラベンダー,ボディ石鹸,250g,石鹸,980,980,980,980,980,980,980,980,980,980,980,980,980,,,,,,,,
LOC5356,ロクシタン,5ハーブス ピュアフレッシュネス シャンプー,シャンプー,500mL,シャンプー,"3,400","3,400","3,400","3,400","3,400","3,400","3,400","3,400","3,400","3,400","3,400","3,400","3,400","3,400","3,400","3,400","3,400","3,400","3,400","3,400","3,400"
LOC5359,ロクシタン,5ハーブス リペアリング コンディショナー,コンディショナー,500mL,コンディショナー,"4,000","4,000","4,000","4,000","4,000","4,000","4,000","4,000","4,000","4,000","4,000","4,000","4,000","4,000","4,000","4,000","4,000","4,000","4,000","4,000","4,000"
LOC5362,ロクシタン,ヴァーベナ シャワージェル,シャワージェル,500mL,メイク用品,"2,800","2,800","2,800","2,800","2,800","2,800","2,800","2,800","2,800","2,800","2,800","2,800","2,800",,,,,,,,
MRD3001,ミランダ,ミランダ シルキーシャインヘアオイルN,アウトバストリートメント,1mL x 6カプセル,ヘアケア・トイレタリー,130,130,130,130,130,130,130,,,,,,,,,,,,,,
MRD3002,ミランダ,ミランダ モイスチャーヘアオイルN,アウトバストリートメント,1mL x 6カプセル,ヘアケア・トイレタリー,130,130,130,130,130,130,130,130,130,130,130,130,130,130,130,130,130,130,130,130,130
MRD3003,ミランダ,ミランダ シャイニーヘアオイルN,アウトバストリートメント,1mL x 6カプセル,ヘアケア・トイレタリー,130,130,130,130,130,130,130,130,130,130,130,130,130,130,130,130,130,130,130,130,130
MRD3004,ミランダ,ミランダ デイリーケアヘアオイルN,アウトバストリートメント,1mL x 6カプセル,ヘアケア・トイレタリー,130,130,130,130,130,130,130,130,130,130,130,130,130,130,130,130,130,130,130,130,130
MRD3005,ミランダ,ミランダ カラーケアヘアオイルN,アウトバストリートメント,1mL x 6カプセル,ヘアケア・トイレタリー,130,130,130,130,130,130,130,130,130,130,130,130,130,130,130,130,130,130,130,130,130
MRD3006,ミランダ,ミランダ ニュートリヘアオイルN,アウトバストリートメント,1mL x 6カプセル,ヘアケア・トイレタリー,130,130,130,130,130,130,130,130,130,130,130,130,130,130,130,130,130,130,130,130,130
MRD3007,ミランダ,ミランダ バリスタイルヘアオイルN,アウトバストリートメント,1mL x 6カプセル,ヘアケア・トイレタリー,130,130,130,130,130,130,130,130,130,130,130,130,130,130,130,130,130,130,130,130,130
MUL54003,メイクアップラボソフィー,36カラー アイシャドウ パレット N,パウダーアイシャドウ,0.5g×36,弊社PB・代理店商品,100,100,100,100,100,100,100,100,100,100,,,,,,,,100,,,
MUL54004,メイクアップラボソフィー,36カラー アイシャドウ パレット2 N,パウダーアイシャドウ,0.5g×36,弊社PB・代理店商品,100,100,100,100,100,100,100,100,100,100,100,100,100,,,,,100,,,
MUL54005,メイクアップラボソフィー,8カラー シャイニー アイシャドウ パレット,パウダーアイシャドウ,,弊社PB・代理店商品,100,100,100,100,100,100,100,100,100,100,100,100,100,100,100,100,100,100,100,100,100
MUL54006,メイクアップラボソフィー,8カラー スパークリング アイシャドウ パレット,パウダーアイシャドウ,,弊社PB・代理店商品,100,100,100,100,100,100,100,100,100,100,100,100,100,100,100,100,100,100,100,100,100
NUX5004,ニュクス,プロディジュー オイル,全身用オイル,100mL,スキンケア・ボディケア,"2,400","2,400","2,400","2,400","2,400","2,400","2,400","2,400","2,400","2,400","2,400","2,400","2,400","2,400","2,400","2,400","2,400","2,400","2,400","2,400","2,400"
PFT1141,パルフェタムール サボンサボン,ロールオン ブルームアリア,ロールオンフレグランス,10mL,弊社PB・代理店商品,315,315,315,315,315,315,315,315,,,,,315,315,315,315,315,315,315,315,315
PFT1142,パルフェタムール サボンサボン,ロールオン エバーヴォーチェ,ロールオンフレグランス,10mL,弊社PB・代理店商品,315,315,315,315,315,315,315,315,315,315,315,315,315,315,315,315,315,315,315,315,315
PFT1143,パルフェタムール サボンサボン,ロールオン イノセントエコー,ロールオンフレグランス,10mL,弊社PB・代理店商品,315,315,315,315,315,315,315,315,315,315,315,315,315,315,315,315,315,315,,,
PFT1144,パルフェタムール サボンサボン,ロールオン エーデルフラン,ロールオンフレグランス,10mL,弊社PB・代理店商品,315,315,315,315,315,315,315,315,315,315,315,315,315,315,315,315,315,315,315,315,315
PFT3531,パルフェタムール サボンサボン,サボンサボン ボディミスト イノセントエコー,ボディミスト,100mL,弊社PB・代理店商品,330,330,330,330,330,330,330,330,330,330,330,330,330,330,330,330,330,330,330,330,330
PFT3551,パルフェタムール,サボンサボン ハンドジェルクリーム ブルームアリア,ハンドクリーム・ケア,40g,弊社PB・代理店商品,300,300,300,300,300,300,300,300,300,,,,,,,,,,,,
PFT3552,パルフェタムール,サボンサボン ハンドジェルクリームエバーヴォーチェ,ハンドクリーム・ケア,40g,弊社PB・代理店商品,250,250,250,250,250,250,,,,,,,,,,,,,,,
PFT3553,パルフェタムール,サボンサボン ハンドジェルクリームイノセントエコー,ハンドクリーム・ケア,40g,弊社PB・代理店商品,250,250,250,250,250,250,250,250,250,250,250,250,250,250,250,250,250,250,,,
PFT3554,パルフェタムール,サボンサボン ハンドジェルクリーム エーデルフラン,ハンドクリーム・ケア,40g,弊社PB・代理店商品,250,250,250,250,250,250,250,250,250,250,250,250,250,250,250,250,250,250,,,
PLR3001,ハマムエルハナ,ハマムエルハナ ハンドクリーム オリーブ,ハンドクリーム,30mL,弊社PB・代理店商品,150,150,150,150,150,150,150,150,,,,,,,,,,,150,150,
PLR3002,ハマムエルハナ,ハマムエルハナ ハンドクリーム アンバー,ハンドクリーム,30mL,弊社PB・代理店商品,150,150,150,150,150,150,150,150,,,,,,,,,,,,,
PLR3004,ハマムエルハナ,ハマムエルハナ ハンドクリーム ウード,ハンドクリーム,30mL,弊社PB・代理店商品,150,150,150,150,150,150,150,150,,,,,,,,,,,,,
PLR3101,ハマムエルハナ,ピエロ― ハンドクリーム ココナッツ＆ライム,ハンドクリーム,30mL,弊社PB・代理店商品,100,100,100,100,100,100,100,100,100,100,100,100,100,100,100,,,,,,
PLR3102,ハマムエルハナ,ピエロ― ハンドクリーム マンゴー＆ストロベリー,ハンドクリーム,30mL,弊社PB・代理店商品,150,150,150,150,150,150,150,150,,,,,,,,150,150,150,150,150,
SAE3121,ザ・セム,パフュームド ハンドエッセンス グレープフルーツ,ハンドクリーム,30mL,弊社PB・代理店商品,200,200,200,200,200,200,200,200,200,200,200,200,200,200,200,200,200,200,200,200,200
SAE3122,ザ・セム,パフュームド ハンドエッセンス レモン&ミント,ハンドクリーム,30mL,弊社PB・代理店商品,200,200,200,200,200,200,200,200,200,200,200,200,200,200,200,200,200,200,200,200,200
SAE3123,ザ・セム,パフュームド ハンドエッセンス チェリーブロッサム,ハンドクリーム,30mL,弊社PB・代理店商品,200,200,200,200,200,200,200,200,200,200,200,200,200,200,200,200,200,200,200,200,200
SAE3124,ザ・セム,パフュームド ハンドエッセンス ウォームコットン,ハンドクリーム,30mL,弊社PB・代理店商品,200,200,200,200,200,200,200,200,200,200,200,200,200,200,200,200,200,200,200,200,200
SAE3125,ザ・セム,パフュームド ハンドエッセンス マグノリア,ハンドクリーム,30mL,弊社PB・代理店商品,200,200,200,200,200,200,200,200,200,200,200,200,200,200,200,200,200,200,200,200,200
SAE3131,ザ・セム,パフュームド ハンドライトエッセンス グレープフルーツ,ハンドクリーム,30mL,弊社PB・代理店商品,200,200,200,200,200,200,200,200,200,200,200,200,200,200,200,200,200,200,200,200,200
SAE3132,ザ・セム,パフュームド ハンドライトエッセンス レモン&ミント,ハンドクリーム,30mL,弊社PB・代理店商品,200,200,200,200,200,200,200,200,200,200,200,,200,200,200,200,200,200,200,200,200
SAE3133,ザ・セム,パフュームド ハンドライトエッセンス チェリーブロッサム,ハンドクリーム,30mL,弊社PB・代理店商品,200,200,200,200,200,200,200,200,200,200,200,200,200,200,200,200,200,200,200,200,200
SAE3134,ザ・セム,パフュームド ハンドライトエッセンス ピーチブロッサム,ハンドクリーム,30mL,弊社PB・代理店商品,200,200,200,200,200,200,200,200,200,200,200,,200,200,200,200,200,200,200,200,200
SAE3135,ザ・セム,パフュームド ハンドライトエッセンス アプリコット,ハンドクリーム,30mL,弊社PB・代理店商品,200,200,200,200,200,200,200,200,200,200,200,200,200,200,200,200,200,200,200,200,200
SAE3141,ザ・セム,パフュームド ハンドクリーム ピーチブロッサム,ハンドクリーム,30mL,弊社PB・代理店商品,200,200,200,200,,,,200,200,200,200,200,200,200,200,200,200,200,200,200,200
SAE3143,ザ・セム,パフュームド ハンドクリーム アイリス,ハンドクリーム,30mL,弊社PB・代理店商品,200,200,200,200,200,200,200,200,200,200,200,200,200,200,200,200,200,200,200,200,200
SAE3144,ザ・セム,パフュームド ハンドクリーム ベビーパウダー,ハンドクリーム,30mL,弊社PB・代理店商品,200,200,200,200,200,200,200,200,200,200,200,200,200,200,200,200,200,200,200,200,200
SAE3145,ザ・セム,パフュームド ハンドクリーム ライラック,ハンドクリーム,30mL,弊社PB・代理店商品,200,200,200,200,200,200,200,200,200,200,200,200,200,200,200,200,200,200,200,200,200
SBN3015,サボン,ボディ スクラブ デリケート ジャスミン,ボディスクラブ,600g,スキンケア・ボディケア,"3,890","3,890","3,890","3,890","3,890","3,890","3,890","3,890","3,890","3,890","3,890","3,890","3,890","3,890","3,890","3,890","3,890","3,890",,,
SBN3016,サボン,ボディ スクラブ パチュリ ラベンダー バニラ,ボディスクラブ,600g,スキンケア・ボディケア,"3,890","3,890","3,890","3,890","3,890","3,890","3,890","3,890","3,890","3,890","3,890","3,890","3,890","3,890","3,890","3,890","3,890","3,890","3,800","3,800","3,800"
SBN3020,サボン,ボディ スクラブ ローズティー,ボディスクラブ,600g,スキンケア・ボディケア,"3,800","3,800","3,800","3,800","3,800","3,800","3,800","3,800","3,800","3,800","3,800","3,800","3,800","3,800","3,800","3,800","3,800","3,800","3,800","3,800","3,800"
SBN3021,サボン,ボディ スクラブ ラベンダー アップル,ボディスクラブ,600g,スキンケア・ボディケア,"3,800","3,800","3,800","3,800","3,800","3,800","3,800","3,800","3,800","3,800","3,800","3,800","3,800","3,800","3,800","3,800","3,800","3,800","3,800","3,800","3,800"
SBN3713,サボン,ボディ スクラブ グリーン ローズ,ボディスクラブ,320g,スキンケア・ボディケア,"2,500","2,500","2,500","2,500","2,500","2,500","2,500","2,500","2,500","2,500","2,500","2,500","2,500","2,500","2,500",,,,,,
SBN3721,サボン,ボディ スクラブ ジンジャー オレンジ,ボディスクラブ,320g,スキンケア・ボディケア,"2,500","2,500","2,500","2,500","2,500","2,500","2,500","2,500","2,500","2,500","2,500","2,500","2,500","2,500","2,500","2,500","2,500","2,500","2,500","2,500",
SUN5508,サンスマイル,ジョテキ オイル導入美容液シート,シートマスク・パック,32枚入り（87mL),国内メーカーアイテム,340,340,340,340,340,340,340,340,340,340,340,340,340,340,340,340,340,340,340,340,340
SUN5515,サンスマイル,シュガーリップ スクラブ ミルキーシリーズ,リップケア・リップクリーム,34g,国内メーカーアイテム,450,450,450,450,450,450,450,450,450,450,450,450,450,450,450,450,450,450,450,450,450
SUN5536,サンスマイル,リズム アンプルセラム シロキクラゲ,美容液,30mL,国内メーカーアイテム,600,600,600,600,600,600,600,600,600,600,600,600,600,600,600,600,600,600,600,600,600
SUN5537,サンスマイル,リズム アンプルセラム ビフィズス菌,美容液,30mL,国内メーカーアイテム,600,600,600,600,600,600,600,600,600,600,600,600,600,600,600,600,600,600,600,600,600
WLD3016,ヴェレダ,ホワイトバーチ ボディオイル（ボディ用マッサージオイル）,マッサージオイル,200mL,スキンケア・ボディケア,"2,700","2,700","2,700","2,700","2,700","2,700","2,700","2,700","2,700","2,700","2,700","2,700","2,700","3,150","3,150","3,150","3,150","3,150","3,150","3,150","3,150"
WLD3039,ヴェレダ,ホワイトバーチ ボディオイル（ボディ用マッサージオイル）ポンプタイプ,マッサージオイル,100mL,スキンケア・ボディケア,"1,800","1,800","1,800","1,800","1,800","1,800","1,800","1,800","1,800","1,800","1,800","1,800","1,800","2,350","2,350","2,350","2,350","2,350","2,350","2,350","2,350"
WLD3046,ヴェレダ,ザクロ ボディオイル（全身用トリートメントオイル）ポンプタイプ,マッサージオイル,100mL,スキンケア・ボディケア,"1,950","1,950","1,950","1,950","1,950","1,950","1,950","1,950","1,950","1,950","1,950","1,950","1,950","1,950","1,950","1,950","1,950","1,950","1,950","1,950","1,950"
WLD3047,ヴェレダ,ワイルドローズ オイル（全身用トリートメントオイル）ポンプタイプ,マッサージオイル,100mL,スキンケア・ボディケア,"1,700","1,700","1,700","1,700","1,700","1,700","1,700","1,700","1,700","1,700","1,700","1,700","1,700","1,700","1,700","1,700","1,700","1,700","1,700","1,700","1,700"
WLD3051,ヴェレダ,ラベンダー オイル（全身用トリートメントオイル）,マッサージオイル,100mL,スキンケア・ボディケア,"1,320","1,320","1,320","1,320","1,320","1,320","1,320","1,320","1,320","1,320","1,320","1,320","1,320","1,320","1,320","1,320","1,320","1,320","1,320","1,320","1,320"
YSL50271,イヴサンローラン,ラディアント タッチ 1,コンシーラー,2.5mL,スキンケア・ボディケア,"3,400","3,400","3,400","3,400","3,400","3,400","3,400","3,400","3,400","3,400","3,400","3,350","3,350","3,350","3,350","3,350","3,350","3,350","3,350","3,350","3,350"
101081,アリミノ,ＢＳ シャイニングスプレー,ヘアメイク,168g,ヘアケア・トイレタリー,750,750,750,750,750,750,750,750,750,750,750,750,750,750,750,,,,,,
101131,アリミノ,ピース グロスワックス （白）,ヘアメイク,80g,ヘアケア・トイレタリー,"1,100","1,100","1,100","1,100","1,100","1,100","1,100","1,100","1,100","1,100","1,100","1,100","1,100","1,100","1,100",,,,,,
101133,アリミノ,ピース ソフトワックス （カフェオレ）,ヘアメイク,80g,ヘアケア・トイレタリー,"1,100","1,100","1,100","1,100","1,100","1,100","1,100","1,100","1,100","1,100","1,100","1,100","1,100","1,100","1,100",,,,,,
101431,アリミノ,スパイスクリーム シャイニングストレート,ヘアメイク,100g,ヘアケア・トイレタリー,"1,100","1,100","1,100","1,100","1,100","1,100","1,100","1,100","1,100","1,100","1,100","1,100","1,100","1,100","1,100",,,,,,
101433,アリミノ,スパイスクリーム ハードワックス,ヘアメイク,100g,ヘアケア・トイレタリー,"1,000","1,000","1,000","1,000","1,000","1,000","1,000","1,000","1,000","1,000","1,000","1,000","1,000","1,000","1,000",,,,,,
101436,アリミノ,スパイスシスターズ ソフトワックス,ヘアメイク,35g,ヘアケア・トイレタリー,660,660,660,660,660,660,660,660,660,660,660,660,660,660,660,,,,,,
101440,アリミノ,スパイスウォーター シャイニングストレート,ヘアメイク,200ml,ヘアケア・トイレタリー,950,950,950,950,950,950,950,,,,,,,,,,,,,,
101441,アリミノ,スパイスウォーター ソフトワックス,ヘアメイク,200ml,ヘアケア・トイレタリー,820,820,820,820,820,820,820,820,820,820,820,820,820,820,820,,,,,,
101445,アリミノ,スパイスチューブ グロス,ヘアメイク,100g,ヘアケア・トイレタリー,650,650,650,650,650,650,650,650,650,650,650,650,650,650,650,650,650,650,,,
111012,イリヤ,イリヤスパイキーグリークス21,ヘアワックスグリス,60g,ヘアケア・トイレタリー,600,600,600,600,600,600,600,600,600,600,600,600,600,600,600,600,600,600,600,600,600
251281,タマリス,ラクレア オーＣ シャンプー （クリアフレッシュ） NEW,ヘアシャンプー,200ml,ヘアケア・トイレタリー,"1,260","1,260","1,260","1,260","1,260","1,260","1,260","1,260","1,260","1,260","1,260","1,260","1,260","1,260","1,260","1,260","1,260","1,260","1,260","1,260","1,260"
251283,タマリス,ラクレア オーＫ シャンプー （クセゲフレッシュ） NEW,ヘアシャンプー,200ml,ヘアケア・トイレタリー,"1,260","1,260","1,260","1,260","1,260","1,260","1,260","1,260","1,260","1,260","1,260","1,260","1,260","1,260","1,260","1,260","1,260","1,260","1,260","1,260","1,260"
251284,タマリス,ラクレア オーＡ トリート （エアリーリペア） NEW,ヘアトリートメント,230g,ヘアケア・トイレタリー,"1,680","1,680","1,680","1,680","1,680","1,680","1,680","1,680","1,680","1,680","1,680","1,680","1,680","1,680","1,680","1,680","1,680","1,680","1,680","1,680","1,680"
251286,タマリス,ラクレア オーＥ トリート （エモリエントリペア） NEW,ヘアトリートメント,230g,ヘアケア・トイレタリー,"1,680","1,680","1,680","1,680","1,680","1,680","1,680","1,680","1,680","1,680","1,680","1,680","1,680","1,680","1,680","1,680","1,680","1,680","1,680","1,680","1,680"
251401,タマリス,ヘアレスキュー クリニックシステム（ﾍｱﾄﾘｰﾄﾒﾝﾄ）,ヘアトリートメント,,ヘアケア・トイレタリー,700,700,700,700,700,700,700,700,700,700,700,720,720,720,720,720,720,720,720,720,720
261502,デミ,ウェーボ デザインキューブ ハードワックス 8-6,ヘアワックス,80g,ヘアケア・トイレタリー,880,880,880,880,880,880,880,880,880,880,880,880,880,880,880,880,880,880,880,880,880
261509,デミ,ウェーボ デザインキューブ ラウンドワックス 6-7,ヘアワックス,80g,ヘアケア・トイレタリー,880,880,880,880,880,880,880,880,880,880,880,880,880,880,880,880,880,880,880,880,880
261510,デミ,ウェーボ デザインキューブ エアルーズワックス 6-2,ヘアワックス,80g,ヘアケア・トイレタリー,880,880,880,880,880,880,880,880,880,880,880,880,880,880,880,,,,,,
261511,デミ,ウェーボ デザインポッド フィックススプレー,ヘアスタイリングスプレー,220ml,ヘアケア・トイレタリー,"1,168","1,168","1,168","1,168","1,168","1,168","1,168","1,168","1,168","1,168","1,168","1,168","1,168","1,168","1,168",,,,,,
261551,デミ,ウェーボ ジュカーラ ヘアカスタ１０,ヘアスタイリング剤カスタ,95g,ヘアケア・トイレタリー,"1,080","1,080","1,080","1,080","1,080","1,080","1,080",,,,,,,,,,,,,,
261552,デミ,ウェーボ ジュカーラ ヘアカスタ ７,ヘアスタイリング剤カスタ,95g,ヘアケア・トイレタリー,"1,134","1,134","1,134","1,134","1,134","1,134","1,134","1,134","1,134","1,134","1,134","1,134","1,134","1,134","1,134","1,134","1,134","1,134","1,134","1,134","1,134"
281301,ナカノ,ヘアフレッシュ スプレーS,ヘアスプレー,170g,ヘアケア・トイレタリー,800,800,800,800,800,800,800,800,800,800,800,800,800,800,800,,,,,,
281404,ナカノ,スタイリング ワックス ３ ライトハード,ヘアワックス,90g,ヘアケア・トイレタリー,715,715,715,715,715,715,715,715,715,715,715,715,715,715,715,715,715,715,715,715,715
281761,ナプラ,イノート ヘアケアミスト,ヘアケアミスト,100ml,ヘアケア・トイレタリー,910,910,910,910,910,910,910,910,910,910,910,910,910,910,910,,,,,,
281762,ナプラ,イノート ヘアケアミスト,ヘアケアミスト,200ml,ヘアケア・トイレタリー,"1,560","1,560","1,560","1,560","1,560","1,560","1,560","1,560","1,560","1,560","1,560","1,560","1,560","1,560","1,560",,,,,,
311735,ナンバー3,ミュリアム トリートメントーG,ヘアトリートメント,200g,ヘアケア・トイレタリー,"1,100","1,100","1,100","1,100","1,100","1,100","1,100","1,100","1,100","1,100","1,100","1,100","1,100","1,100","1,100",,,,,,
311737,ナンバー3,ミュリアム ホームミルク,ヘアミルク,120g,ヘアケア・トイレタリー,900,900,900,900,900,900,900,900,900,900,900,900,900,900,900,,,,,,
341403,ホーユー,HYプロマスター スタイリッシュOバスTRシャイン,アウトバストリートメント,80g,ヘアケア・トイレタリー,900,900,900,900,900,900,900,900,900,900,900,900,900,900,900,900,900,900,900,900,900
341414,ホーユー,HYプロマスター カーミートリートメント,トリートメント,200g,ヘアケア・トイレタリー,900,900,900,900,900,900,900,900,900,900,900,900,900,900,900,900,900,900,900,900,900
341509,ホーユー,ホーユー ソマルカ カラーシャンプー オレンジ,シャンプー,150mL,ヘアケア・トイレタリー,"1,000","1,000","1,000","1,000","1,000","1,000","1,000","1,000","1,000","1,000","1,000","1,000","1,000","1,000","1,000",,,,,,
341510,ホーユー,ホーユー ソマルカ カラーチャージ オレンジ,トリートメント,130g,ヘアケア・トイレタリー,900,900,900,900,900,900,900,900,900,900,900,900,900,900,900,,,,,,
371172,モルトベーネ,ロレッタ フワフワシュー,ヘアスタイリング剤,180g,ヘアケア・トイレタリー,"1,200","1,200","1,200","1,200",,,,,,,,,,,,,,,,,
371175,モルトベーネ,ロレッタ ウェーブジュレ,ヘアスタイリング剤,250ml,ヘアケア・トイレタリー,"1,200","1,200","1,200","1,200","1,200","1,200","1,200","1,200","1,200","1,200","1,200","1,200","1,200","1,200","1,200","1,200","1,200","1,200","1,200",,
371242,モルトベーネ,ロレッタ すっきりしたい日のトリートメント,トリートメント,240g,ヘアケア・トイレタリー,"1,440","1,440","1,440","1,440","1,440","1,440","1,440","1,440","1,440","1,440","1,440","1,440","1,440","1,440","1,440","1,440","1,440","1,440","1,440","1,440","1,440"
371244,モルトベーネ,ロレッタ とくべつな日のトリートメント,トリートメント,150g,ヘアケア・トイレタリー,"1,440","1,440","1,440","1,440","1,440","1,440","1,440","1,440","1,440","1,440","1,440","1,440","1,440","1,440","1,440","1,440","1,440","1,440","1,440","1,440","1,440"
371421,モルトベーネ,ロレッタ ワックス ２．５,ヘアメイク,65g,ヘアケア・トイレタリー,"1,200","1,200","1,200","1,200","1,200","1,200","1,200","1,200","1,100","1,100","1,100","1,100","1,100","1,100","1,100",,,,"1,100","1,100","1,100"
371423,モルトベーネ,ロレッタ ワックス ６．５,ヘアメイク,65g,ヘアケア・トイレタリー,"1,200","1,200","1,200","1,200","1,200","1,200","1,200","1,200","1,200","1,200","1,200","1,200","1,200","1,200","1,200","1,200","1,200","1,200","1,200","1,200","1,200"
371424,モルトベーネ,ロレッタ ミルク グラマラス,洗い流さないトリートメント,100ml,ヘアケア・トイレタリー,"1,300","1,300","1,300","1,300","1,300","1,300","1,300","1,300","1,300","1,300","1,300","1,300","1,300","1,300","1,300","1,300","1,300","1,300",,,
371445,モルトベーネ,ロレッタ デビル ワックス５．５,ヘアワックス,65g,ヘアケア・トイレタリー,"1,200","1,200","1,200","1,200","1,200","1,200","1,200","1,200","1,100","1,100","1,100","1,100","1,100","1,100","1,100",,,,,,
371483,モルトベーネ,モルトＢ ロレッタデビル ゼリー10.0,ヘアワックス,240g,ヘアケア・トイレタリー,"1,200","1,200","1,200","1,200","1,200","1,200","1,200","1,200","1,200","1,200","1,200","1,200","1,200","1,200","1,200","1,200","1,200","1,200","1,200","1,200","1,200"
391708,ミルボン,ディーセス エルジューダ メロウ セラム,洗い流さないトリートメント,120ml,ヘアケア・トイレタリー,"1,900","1,900","1,900","1,900","1,900","1,900","1,900","1,900","1,900","1,900","1,900","1,900","1,900","1,900","1,900","1,900","1,900","1,900","1,900","1,900","1,900"
441002,レラ,ヘアソープ ８１,,650ml,ヘアケア・トイレタリー,"2,900","2,900","2,900","2,900","2,900","2,900","2,900","2,900","2,900","2,900","2,900","2,900","2,900","2,900","2,900",,,,,,
441003,レラ,ヘアソープ １０５,,300ml,ヘアケア・トイレタリー,"1,650","1,650","1,650","1,650","1,650","1,650","1,650","1,650","1,650","1,650","1,650","1,650","1,650","1,650","1,650",,,"1,650","1,650","1,650","1,650"
441006,レラ,ヘアソープ ０１,,300ml,ヘアケア・トイレタリー,"1,650","1,650","1,650","1,650","1,650","1,650","1,650","1,650","1,650","1,650","1,650","1,650","1,650","1,650","1,650",,,,,,
501059,ルアン,ルアン SMHヘアファンデーション スティック ダークブラウン,白髪染め,3g,ヘアケア・トイレタリー,870,870,870,870,870,870,870,870,870,870,870,870,870,870,870,,,,,,
501060,ルアン,ルアン SMHヘアファンデーション スティック ライトブラウン,白髪染め,3g,ヘアケア・トイレタリー,870,870,870,870,870,870,870,870,870,870,870,870,870,870,870,,,,,,
501552,TKコーポレーション,馬油コンディショナー,,600g,ヘアケア・トイレタリー,450,450,450,450,450,450,450,450,450,450,450,450,450,450,450,,,,,,
501604,プロダクト,オーガニックヘアシャインセラム,,50ml,ヘアケア・トイレタリー,"1,300","1,300","1,300","1,300","1,300","1,300","1,300","1,300","1,300","1,300","1,300","1,300","1,300","1,300","1,300",,,,,,
501609,プロダクト,ザ・プロダクト ボタニカルホールドジェル,ヘアジェル,110g,ヘアケア・トイレタリー,"1,254","1,254","1,254","1,254","1,254","1,254","1,254","1,254","1,254","1,254","1,254","1,254","1,254","1,254","1,254",,,,,,
501627,リックス,リックス 薬用 スキャルプシャーベッツ,頭皮ケア,270g,ヘアケア・トイレタリー,900,900,900,900,900,900,900,900,900,900,900,900,900,900,900,,,,,,
504005,ナチュラルヘア,自然工房 ナチュラルERトリートメント シットリ,トリートメント,310g,ヘアケア・トイレタリー,900,900,900,900,900,900,900,900,900,900,900,900,900,900,900,,,,,,
601002,アモロス オリヴァニー,アモロス オリヴァニー OV トリートメント,トリートメント,170g,ヘアケア・トイレタリー,800,800,800,800,800,800,800,800,800,800,800,800,800,800,800,,,,,,
601003,アモロス オリヴァニー,アモロス オリヴァニー HN シャンプー,シャンプー,250mL,ヘアケア・トイレタリー,800,800,800,800,800,800,800,800,800,800,800,800,800,800,800,,,,,,
601004,アモロス オリヴァニー,アモロス オリヴァニー HN トリートメント,トリートメント,170g,ヘアケア・トイレタリー,800,800,800,800,800,800,800,800,800,800,800,800,800,800,800,,,,,,
611002,パイモア,パイモアスペクトラムカラーズ アッシュ シャンプー,シャンプー,200ｍＬ,ヘアケア・トイレタリー,900,900,900,900,900,900,900,900,900,900,900,900,900,900,900,,,,,,
611003,パイモア,パイモアスペクトラムカラーズ ピンク シャンプー,シャンプー,200ｍＬ,ヘアケア・トイレタリー,900,900,900,900,900,900,900,900,900,900,900,900,900,900,900,,,,,,
611004,パイモア,パイモアスペクトラムカラーズ ブラウンシャンプー,シャンプー,200ｍＬ,ヘアケア・トイレタリー,900,900,900,900,900,900,900,900,900,900,900,900,900,900,900,,,,,,
611005,パイモア,パイモアスペクトラムカラーズ バイオレット シャンプー,シャンプー,200ｍＬ,ヘアケア・トイレタリー,900,900,900,900,900,900,900,900,900,900,900,900,900,900,900,,,,,,
701001,アレス,カラー ムラサキシャンプー,,200mL,ヘアケア・トイレタリー,"1,200","1,200","1,200","1,200","1,200","1,200","1,200","1,200","1,200","1,200","1,200","1,200","1,200","1,200","1,200",,,,,,
701002,アレス,カラー ムラサキトリートメント,,200mL,ヘアケア・トイレタリー,"1,200","1,200","1,200","1,200","1,200","1,200","1,200","1,200","1,200","1,200","1,200","1,200","1,200","1,200","1,200",,,,,,
701003,アレス,カラー シルバーシャンプー,,200mL,ヘアケア・トイレタリー,"1,140","1,140","1,140","1,140","1,140","1,140","1,140","1,140","1,140","1,140","1,140","1,140","1,140","1,140","1,140",,,,,,
701004,アレス,カラー シルバートリートメント,,200mL,ヘアケア・トイレタリー,"1,200","1,200","1,200","1,200","1,200","1,200","1,200","1,200","1,200","1,200","1,200","1,200","1,200","1,200","1,200",,,,,,
701005,アレス,カラー ピンクシャンプー,,200mL,ヘアケア・トイレタリー,"1,200","1,200","1,200","1,200","1,200","1,200","1,200","1,200","1,200","1,200","1,200","1,200","1,200","1,200","1,200",,,,,,
701006,アレス,カラー ピンクトリートメント,,200mL,ヘアケア・トイレタリー,"1,200","1,200","1,200","1,200","1,200","1,200","1,200","1,200","1,200","1,200","1,200","1,200","1,200","1,200","1,200",,,,,,
KSN1082,ケイト・スペード・ニューヨーク,ケイト・スペード シェリー ジュテーム,EDPSP,40mL,香水,,"2,700","2,700","2,700","2,700","2,700","2,700","2,680",,"2,680","2,680","2,680","2,550","2,550","2,500","2,500","2,500","2,500","2,450","2,450","2,450"
CLE1162,クリーン,クラシック ウォームコットン,EDPSP,30mL,香水,,"1,950","1,950","1,950","1,950","1,950","2,000","2,050","2,050","2,050","2,050","2,050",,"2,050","2,030","2,030","2,050","2,050","2,050",,
CLE1272,クリーン,クラシック ソフトランドリー,EDPSP,30mL,香水,,"1,900","1,900","1,900","1,900","1,900","1,900","1,900","1,900","1,900","1,900","1,900","1,900","1,900","1,800","1,800","1,800","1,800","1,750",,
COA1186,コーチ,コーチ マン ブルー,EDTSP,40mL,香水,,"2,650","2,650","2,650","2,650","2,650","2,650","2,600","2,600","2,600","2,600","2,600","2,600","2,600","2,600","2,550","2,550","2,550","2,500","2,500",
ISS1077,イッセイミヤケ,ロードゥイッセイ プールオム,EDTSP,40mL,香水,,"2,650","2,650","2,650","2,650","2,650",,,"2,650","2,650","2,650","2,600","2,600","2,550","2,550","2,540","2,540","2,540","2,540","2,540","2,540"
LLB1002,ル　ラボ,アナザー　13,EDPSP,30mL,香水,,,,"21,500","21,500","21,500","21,500","21,500","21,000","21,000","21,000","21,000","21,000","20,800","20,600","20,500","20,000","20,000",,,
LVN1023,ランバン,エクラ　ドゥ　アルページュ,EDPSP,100mL,香水,,,,"3,500","3,500","3,500","3,500","3,500",,"3,500","3,500",,,"3,500",,"3,500",,,,,
MOS1092,モスキーノ,モスキーノ・トイ2,EDPSP,30mL,香水,,,,"3,000",,,"3,000","3,000","3,000","3,000","3,000","2,900","2,900","2,800","2,800",,,,,,
VER1066,ヴェルサーチェ,ヴェルサーチェ　プールオム,EDTSP,30mL,香水,,,,"3,750","3,750","3,750","3,750","3,750","3,750",,"3,750","3,700","3,700","3,700","3,450","3,450","3,450","3,450","3,450","3,450","3,450"
VER1117,ヴェルサーチェ,ヴェルサーチェ　マン　オーフレッシュ,EDTSP,100mL,香水,,,,"6,150","6,150","6,150","6,150","6,150","6,050","6,050","6,000",,,,,,,,,,
VER1186,ヴェルサーチェ,エロス,EDTSP,30mL,香水,,,,"3,500",,,"3,500","3,500",,"3,450","3,450","3,350","3,300","3,300",,,,"3,550","3,550",,
VER1187,ヴェルサーチェ,エロス,EDTSP,100mL,香水,,,,"6,150",,,"6,150",,,,,,,,,,,,,,
VER1226,ヴェルサーチェ,ディランブルー,EDTSP,30mL,香水,,,,"3,800",,,"3,800",,,"3,800","3,800","3,800",,,,,,,,"3,800","3,700"
VER1262,ヴェルサーチェ,ディランターコイズ,EDTSP,30mL,香水,,,,"4,100","4,100","4,100","4,100","4,100","4,050","4,050","4,050",,,,,,,,,,
VER1292,ヴェルサーチェ,ディランパープル　フェム,EDPSP,30mL,香水,,,,"4,400","4,400","4,400","4,400","4,400","4,400","4,400","4,400",,,,,,,,,,
CAL1001,カルバンクライン,シーケーワン,EDTSP,100mL,香水,,,,,"2,350","2,350",,,,,,,,,,,,,,,
JOM1052,ジョーマローン,イングリッシュペアー＆フリージア,EDCSP,30mL,香水,,,,,,"5,600","6,900","6,900","6,900","6,500","6,500","6,500","6,350","6,350","6,350","6,350","6,350",,,,"6,350"
PRA1221,プラダ,パラドックス,EDPSP,50mL,香水,,,,,,"10,600",,"10,600","10,300","10,000","10,000","9,900","9,900","9,900",,,,,,"10,650","10,500"
COA1212,コーチ,コーチ ゴールド,PSP,30mL,香水,,,,,,,"3,250","3,250","3,250","3,250","3,200","3,150","3,150","3,150","3,130","3,130","3,130","3,130","3,000","2,900","2,800"
KSN1092,ケイト・スペード・ニューヨーク,ポップ 【2025/10/14から発送開始】,EDPSP,40mL,香水,,,,,,,"2,650","2,630","2,550","2,550","2,550","2,500","2,500","2,500","2,450","2,450","2,450","2,450","2,400","2,400","2,400"
ACK1013,アッカカッパ,ホワイトモス,EDPSP,100mL,香水,,,,,,,"6,900",,,,,,,,,,,,,,
MZN1024,メゾン マルジェラ,レプリカ オードトワレ レイジー サンデー モーニング,EDTSP,10mL,香水,,,,,,,"2,680",,,,"2,850","2,850",,,,,,,"2,600",,
BVL1791,ブルガリ,オムニア クリスタリン,EDTSP,50mL,香水,,,,,,,"8,300","8,300","8,300","8,300",,,"8,350","8,350","8,310","8,310","8,310","8,310","8,310","8,310",
YSL1433,イヴサンローラン,リブレ 【EDP】,EDPSP,90ｍL,香水,,,,,,,"12,600",,,,,,,,,,,"14,000",,,
CLE1161,クリーン,クラシック ウォームコットン,EDPSP,60mL,香水,,,,,,,"3,400","3,450",,"3,450","3,450","3,450","3,450","3,450","3,450",,,,,,
CLE1171,クリーン,クラシック フレッシュランドリー,EDPSP,60mL,香水,,,,,,,"3,200","3,200","3,200","3,200","3,200","3,200","3,200","3,200","3,200","3,150","3,150","3,150","3,100","3,100","3,100"
D&G1525,ドルチェ＆ガッバーナ,ライトブルー プールオム 2025,EDTSP,50mL,香水,,,,,,,"4,000",,,"4,000",,,,,,,,,,,"3,950"
CDAV1005,ダビドフ,クールウォーター メン,EDTSP,75mL,香水,,,,,,,"1,850","1,850","1,850","1,850","1,700","1,700","1,700","1,700","1,680","2,500",,,,,
VER1212,ヴェルサーチェ,エロス フェム,EDTSP,30mL,香水,,,,,,,"4,000","4,000",,"4,000","4,000",,,,,,,,,,
VER1213,ヴェルサーチェ,エロス フェム,EDTSP,100mL,香水,,,,,,,"6,600","6,600",,,,,,,,,,,,,"6,650"
VER1232,ヴェルサーチェ,エロス フェム,EDPSP,30mL,香水,,,,,,,"4,400","4,400","4,400","4,400","4,400","4,400",,,,,,,,"4,400",
VER1233,ヴェルサーチェ,エロス フェム,EDPSP,100mL,香水,,,,,,,"7,300",,,,,,,,,,,,,,"7,500"
VER1242,ヴェルサーチェ,ディランブルー フェム,EDPSP,30mL,香水,,,,,,,"3,950","3,950",,"4,250",,,,,,,,,,"4,400","4,400"
VER1243,ヴェルサーチェ,ディランブルー フェム,EDPSP,100mL,香水,,,,,,,"7,100","7,100",,,,,,,,,,,,,
VER1257,ヴェルサーチェ,エロス フレイム,EDPSP,100mL,香水,,,,,,,"6,500",,,"6,500","6,500",,,,,,,,,,
COA1207,コーチ,コーチ マン 【EP】,EDPSP,100mL,香水,,,,,,,,"5,880","5,800","5,750","5,750",,,,,,,"5,600","5,500","5,400","5,200"
TMZN021,メゾン マルジェラ,【テスター】 レプリカ オードトワレ レイジー サンデー モーニング,EDTSP,100mL,香水,,,,,,,,"7,550",,,,,,,,,,,,,
FER1312,サルヴァトーレフェラガモ,シニョリーナ インフィオーレ,EDTSP,30mL,香水,,,,,,,,"3,100","3,100",,,,,,,,"3,100","3,100",,,
LVN3002,ランバン,エクラ・ドゥ・アルページュ ボディローション,ボディローション,150mL,ボディローション,,,,,,,,"1,850","1,800","1,800","1,800","1,750",,,,,,,"1,750","1,750","1,750"
RAL1023,ラルフローレン,ポロスポーツ,EDTSP,40mL,香水,,,,,,,,"2,400",,,,,,,,,,,,"2,600","2,600"
FRG54001,フレグラム,フレグランス ミニセット,セット,2mL×6本,弊社PB・代理店商品,,,,,,,,"1,080","1,080","1,080","1,080","1,080","1,080","1,080","1,080","1,080","1,080","1,080","1,080","1,080","1,080"
SAE3142,ザ・セム,パフュームド ハンドクリーム アプリコット,ハンドクリーム,30mL,弊社PB・代理店商品,,,,,,,,200,200,200,200,200,200,200,200,200,200,200,200,200,200
101454,アリミノ,スパイスフォーム シャイニング,ヘアメイク,160g,ヘアケア・トイレタリー,,,,,,,,760,760,760,760,760,760,760,760,760,760,760,,,
BYR5001,バイレード,ヘアパフューム ブランシュ,,75mL,ヘアパフューム,,,,,,,,,"7,000","6,900","6,900","6,900","6,800","6,780","6,750","6,750","6,750","6,750","6,750","6,750","6,750"
BVL1781,ブルガリ,オムニア アメジスト,EDTSP,50mL,香水,,,,,,,,,"7,700","7,700",,,"8,350","8,350","8,310","8,310","8,310","8,310","8,310","8,310","8,310"
CLE1242,クリーン,クラシック フラワーフレッシュ,EDPSP,30mL,香水,,,,,,,,,"1,900","1,900","1,900","1,900","1,900","1,900","1,900","1,900","1,900","1,900","1,820","1,780","1,750"
LVN1072,ランバン,ジャンヌ ランバン,EDPSP,30mL,香水,,,,,,,,,"2,300","2,300",,"2,300","2,300","2,300","2,300",,,"2,300","2,300",,"2,300"
LVN1272,ランバン,エクラ ドゥ アルページュ シアー,EDTSP,30mL,香水,,,,,,,,,"2,200","2,200","2,200","2,000","2,000","2,000","2,000","2,000",,,,"2,200","2,150"
TIF1091,ティファニー,ティファニー＆ラブ フォーハー,EDPSP,50mL,香水,,,,,,,,,"9,200","9,000","9,000",,,,,,,,,"9,700","9,700"
BID5004,ビオデルマ,サンシビオ エイチツーオー D,リキッドクレンジング,500mL,スキンケア・ボディケア,,,,,,,,,"1,150","1,150","1,150","1,150",,,,,,,,,"1,150"
JOM1172,ジョーマローン,オレンジブロッサム コロン,EDCSP,30mL,香水,,,,,,,,,,"6,000","6,000","6,000","5,800","5,700","5,600","5,580","5,580","5,580",,,
CLE1181,クリーン,クラシック シャワーフレッシュ,EDPSP,60mL,香水,,,,,,,,,,"3,300","3,300","3,300","3,250","3,250","3,200","3,200","3,200","3,200",,,"3,220"
CLE1182,クリーン,クラシック シャワーフレッシュ,EDPSP,30mL,香水,,,,,,,,,,"1,900",,,,,,,,"1,900",,,"1,900"
CLE1232,クリーン,クラシック フレッシュリネン,EDPSP,30mL,香水,,,,,,,,,,"1,950",,,,,,,,,,,"1,800"
VER1123,ヴェルサーチェ,ブライト クリスタル,EDTSP,90mL,香水,,,,,,,,,,"6,500",,,,,,,,,,,
VER1227,ヴェルサーチェ,ディランブルー,EDTSP,100mL,香水,,,,,,,,,,"6,200","6,200","6,000","6,000","5,800","5,800",,,,,,
NCKM001,カルバンクライン,シーケーワン ミニ,EDT,15mL,香水,,,,,,,,,,,"1,100",,,,980,960,950,890,840,820,800
PRA1050,プラダ,キャンディ,EDP,1.2mL,香水,,,,,,,,,,,350,,,,,,,,,,
TIF1107,ティファニー,ティファニー＆ラブ フォーヒム,EDPSP,90mL,香水,,,,,,,,,,,"10,300","10,200","9,900","9,900","9,400","9,400","9,400","9,400",,,
CHL1005,クロエ,クロエ,EDP,1.2mL,香水,,,,,,,,,,,350,350,340,,,,,,,,
TJIM003,ジミーチュウ,【テスター品】 ジミーチュウ,EDTSP,100mL,香水,,,,,,,,,,,"3,000",,"3,000","2,900","2,850",,,"2,780","2,780","2,780","2,780"
TNIK008,ニコス,スカルプチヤーメンズ テスター,EDTSP,100mL,香水,,,,,,,,,,,"1,600",,,,,,,,,,
TD&G521,ドルチェ＆ガッバーナ,ライトブルー 2025 テスター,EDTSP,100mL,香水,,,,,,,,,,,"4,750","4,750","4,650","4,650","4,650","4,650","4,650","4,650","4,650","4,650","4,650"
BUR1225,バーバリー,ミスター バーバリー ET,EDTSP,50mL,香水,,,,,,,,,,,"3,100",,,,,,,,,,
BUR1272,バーバリー,マイ バーバリー ブラッシュ EP,EDPSP,30mL,香水,,,,,,,,,,,"2,800",,,,,,,,"2,800",,"2,700"
CCAL1014,カルバンクライン,エタニティ,EDPSP,30mL,香水,,,,,,,,,,,"2,250","2,300","2,300","2,300","2,300","2,250","2,200","2,200","2,200","2,200","2,200"
CCAL1431,カルバンクライン,シーケー ワン ゴールド,EDTSP,100mL,香水,,,,,,,,,,,"3,150","3,150","3,150","3,150","3,150","3,150","3,150","3,150","3,150","3,150","3,150"
TCHL003,クロエ,【テスター品】 クロエ,EDPSP,75mL,香水,,,,,,,,,,,"7,200","7,000","6,800","6,800","6,750","6,750","6,700","6,700","6,700","6,680",
CHL1252,クロエ,ローズ タンジェリン,EDTSP,30mL,香水,,,,,,,,,,,"4,000",,,,,,,,,,
CLE1211,クリーン,クラシック クールコットン,EDPSP,60mL,香水,,,,,,,,,,,"3,300","3,200","3,200","3,200","3,200","3,200",,,,,"3,220"
CLE1212,クリーン,クラシック クールコットン,EDPSP,30mL,香水,,,,,,,,,,,"1,950","1,900","1,900","1,900","1,900",,,,,,"1,970"
COA1076,コーチ,コーチ オープンロード,EDTSP,40mL,香水,,,,,,,,,,,"2,550","2,550",,,,"2,550",,,,,
GRE1082,グレ,グレ カボティーヌ,EDTSP,30mL,香水,,,,,,,,,,,"1,400","1,400","1,400","1,400","1,400","1,400","1,400","1,400",,,
GRE1092,グレ,グレ カボティーヌ ローズ,EDTSP,30mL,香水,,,,,,,,,,,"1,400","1,400","1,400","1,400","1,400","1,400","1,400","1,400",,,"1,400"
HER1202,エルメス,ナイルの庭,EDTSP,30mL,香水,,,,,,,,,,,"4,600","4,580","4,580","4,580","4,580","4,580","4,500","4,400","4,250","4,250","4,250"
KSN1072,ケイト・スペード・ニューヨーク,スパークル インテンス,EDPSP,40mL,香水,,,,,,,,,,,"2,500","2,500","2,500",,,,,,,,
LVN1262,ランバン,モダン プリンセス ブルーミング,EDTSP,30mL,香水,,,,,,,,,,,"2,100","2,000","2,000","2,000",,,,,,,
MZN1053,メゾン マルジェラ,レプリカ オードトワレ アンダーザレモンツリー,EDTSP,100mL,香水,,,,,,,,,,,"9,700","9,700","9,700","9,500","9,500",,,,,,
ADID1215,アディダス,アイス ダイブ,EDTSP,100mL,香水,,,,,,,,,,,,750,650,650,,,,,,,
ADID1225,アディダス,ダイナミック パルス,EDTSP,100mL,香水,,,,,,,,,,,,750,650,650,650,,,,,,
CDAV1006,ダビドフ,クールウォーター メン,EDTSP,40mL,香水,,,,,,,,,,,,"1,650",,"1,650","1,640",,,"2,000",,,
PRA1222,プラダ,パラドックス,EDPSP,30mL,香水,,,,,,,,,,,,,"8,000","8,000","7,950","7,950","7,800","7,750","7,750","7,750",
BVL1697,ブルガリ,ブルガリ プールオム,EDTSP,100mL,香水,,,,,,,,,,,,,"10,700","10,700","10,700","10,700",,,,,
FRG1005,フレグラム,ブランサボン フレグランス,オーデトワレ スプレー,50mL,弊社PB・代理店商品,,,,,,,,,,,,,"1,100","1,100",,"1,100","1,100","1,100",,,
CCAL1012,カルバンクライン,エタニティ,EDPSP,100mL,香水,,,,,,,,,,,,,,"3,450","3,440",,,,,,"4,000"
CLE1231,クリーン,クラシック フレッシュリネン,EDPSP,60mL,香水,,,,,,,,,,,,,,"3,100",,,,,,,"3,100"
WLD3022,ヴェレダ,アルニカマッサージ オイル（ボディ用マッサージオイル）,マッサージオイル,200mL,スキンケア・ボディケア,,,,,,,,,,,,,,"2,350","2,350","2,350","2,350","2,350","2,350","2,350",
WLD3057,ヴェレダ,アルニカ マッサージオイルポンプタイプ,マッサージオイル,100mL,スキンケア・ボディケア,,,,,,,,,,,,,,"1,500","1,500","1,500","1,500","1,500","1,500","1,500",
101438,アリミノ,スパイスシスターズ フリーズワックス,ヘアメイク,35g,ヘアケア・トイレタリー,,,,,,,,,,,,,,600,,,,600,,,
281405,ナカノ,スタイリング ワックス ４ ハード,ヘアワックス,90g,ヘアケア・トイレタリー,,,,,,,,,,,,,,620,,,,,,,
281406,ナカノ,スタイリング ワックス ５ スーパーハード,ヘアワックス,90g,ヘアケア・トイレタリー,,,,,,,,,,,,,,620,,,,,,,
281407,ナカノ,スタイリング ワックス ６ ウルトラスーパーハード,ヘアワックス,90g,ヘアケア・トイレタリー,,,,,,,,,,,,,,620,620,620,620,620,,,
281408,ナカノ,スタイリング ワックス ７ スーパータフハード,ヘアワックス,90g,ヘアケア・トイレタリー,,,,,,,,,,,,,,800,800,,,,,,
NCKT003,カルバンクライン,【テスター品】 シーケー ワン,EDTSP,100mL,香水,,,,,,,,,,,,,,,"2,000",,,,"2,050","2,020","2,000"
D&G1033,ドルチェ＆ガッバーナ,旧 ライトブルー,EDTSP,100mL,香水,,,,,,,,,,,,,,,"4,650","4,650",,,,,
MCHL001,クロエ,クロエ 【EP】 ミニチュア,EDP,5mL,香水,,,,,,,,,,,,,,,"1,230",,,,"1,350","1,300","1,230"
CHL1002,クロエ,クロエ,EDPSP,30mL,香水,,,,,,,,,,,,,,,"5,000",,,,"4,900","4,900","4,900"
261503,デミ,ウェーボ デザインキューブ ニュートラルワックス 5-5,ヘアワックス,80g,ヘアケア・トイレタリー,,,,,,,,,,,,,,,750,750,,,,,
HJOM111,ジョーマローン,【外箱なし】 イングリッシュペアー＆スイートピー,EDCSP,9mL,香水,,,,,,,,,,,,,,,,"2,000","1,940",,,,
HJOM161,ジョーマローン,【外箱なし】 ピオニー＆ブラッシュスエード,EDCSP,9mL,香水,,,,,,,,,,,,,,,,"2,100","2,080","2,050",,,
ADID1245,アディダス,ヴィクトリー リーグ,EDTSP,100mL,香水,,,,,,,,,,,,,,,,600,610,,,,
ANN1242,アナスイ,ファンタジア,EDTSP,30mL,香水,,,,,,,,,,,,,,,,"2,500","2,500","2,500","2,500","2,500","2,500"
BUR1262,バーバリー,ブリット シアー フォーハー,EDTSP,30mL,香水,,,,,,,,,,,,,,,,"2,400",,,,,
BUR1282,バーバリー,ウィークエンド フォーウィメン,EDPSP,30mL,香水,,,,,,,,,,,,,,,,"2,200",,,,,
BUR1286,バーバリー,ウィークエンド フォーメン,EDTSP,30mL,香水,,,,,,,,,,,,,,,,"1,650",,"1,600",,,
CCAL1019,カルバンクライン,エタニティ フォーメン,EDTSP,50mL,香水,,,,,,,,,,,,,,,,"2,800","2,800","2,800","2,800","2,800","2,800"
JOM1062,ジョーマローン,ブラックベリー＆ベイ,EDCSP,30mL,香水,,,,,,,,,,,,,,,,"6,300",,,,,
FRG1006,フレグラム,スウィートシトラス フレグランス,オーデトワレ スプレー,50mL,弊社PB・代理店商品,,,,,,,,,,,,,,,,"1,800","1,800",,"1,800","1,800","1,800"
MBZ1036,メルセデスベンツ,メルセデスベンツ マン,EDTSP,30mL,香水,,,,,,,,,,,,,,,,,,"2,450",,,
MBZ1026,メルセデスベンツ,メルセデスベンツ フォーメン アルティメイト,EDPSP,40mL,香水,,,,,,,,,,,,,,,,,,"3,500","3,500","3,500","3,500"
MBZ1015,メルセデスベンツ,ザ ムーヴ,EDTSP,60mL,香水,,,,,,,,,,,,,,,,,,"3,800","3,780","3,780","3,780"
101437,アリミノ,スパイスシスターズ ハードワックス,ヘアメイク,35g,ヘアケア・トイレタリー,,,,,,,,,,,,,,,,,,600,,,
371176,モルトベーネ,ロレッタ ハードゼリー,ヘアスタイリング剤,300g,ヘアケア・トイレタリー,,,,,,,,,,,,,,,,,,"1,200",,"1,200",
501142,ビューアプロダクツ,サロンリンク エクストラ コンディショナー,,1000g,ヘアケア・トイレタリー,,,,,,,,,,,,,,,,,,500,,,
TYSL405,イヴサンローラン,【テスター】 Y（イグレック）メン,EDPSP,100mL,香水,,,,,,,,,,,,,,,,,,,"12,000","11,500","11,350"
NDV1001,ダビドフ,クールウォーター ウーマン,EDTSP,30mL,香水,,,,,,,,,,,,,,,,,,,"1,310","1,310",
TFO1022,トムフォード,ネロリ ポルトフィーノ,EDPSP,30mL,香水,,,,,,,,,,,,,,,,,,,"15,400","15,300","15,200"
ALD1003,アランドロン,サムライ,EDTSP,100mL,香水,,,,,,,,,,,,,,,,,,,"2,900","2,900","2,900"
BVL1831,ブルガリ,オムニア クリスタリン,EDTSP,50mL,香水,,,,,,,,,,,,,,,,,,,"8,310","8,310","8,310"
CAL1482,カルバンクライン,シーケー エブリワン,EDTSP,50mL,香水,,,,,,,,,,,,,,,,,,,"2,200","2,200","2,200"
D&G1331,ドルチェ＆ガッバーナ,ライトブルー ラブイズラブ,EDTSP,50mL,香水,,,,,,,,,,,,,,,,,,,"3,900",,
D&G1382,ドルチェ＆ガッバーナ,ライトブルー イタリアンラブ,EDTSP,25mL,香水,,,,,,,,,,,,,,,,,,,"2,900","2,800","2,800"
HER1201,エルメス,ナイルの庭,EDTSP,50mL,香水,,,,,,,,,,,,,,,,,,,"6,550","6,550","6,550"
HER1203,エルメス,ナイルの庭,EDTSP,100mL,香水,,,,,,,,,,,,,,,,,,,"9,200","9,200","9,200"
KEN1351,ケンゾー,ローパケンゾー フローラル,EDTSP,50mL,香水,,,,,,,,,,,,,,,,,,,"2,200","2,200","2,200"
KEN1365,ケンゾー,ローパケンゾー ボワゼ,EDTSP,50mL,香水,,,,,,,,,,,,,,,,,,,"2,200","2,200","2,200"
101135,アリミノ,ピース フリーズキープワックス （ブラック）,ヘアメイク,80g,ヘアケア・トイレタリー,,,,,,,,,,,,,,,,,,,"1,200","1,200",
101457,アリミノ,スパイスフォーム ハード,ヘアメイク,160g,ヘアケア・トイレタリー,,,,,,,,,,,,,,,,,,,900,900,900
251402,タマリス,ヘアレスキュー ホームクリニック エッセンス,ヘアトリートメント,180g,ヘアケア・トイレタリー,,,,,,,,,,,,,,,,,,,"1,200","1,200","1,200"
341501,ホーユー,ホーユー ソマルカ カラーシャンプー パープル,シャンプー,150mL,ヘアケア・トイレタリー,,,,,,,,,,,,,,,,,,,"1,200","1,200","1,200"
341507,ホーユー,ホーユー ソマルカ カラーチャージ ピンク,ヘアカラー,130g,ヘアケア・トイレタリー,,,,,,,,,,,,,,,,,,,"1,000","1,000","1,000"
371428,モルトベーネ,ロレッタ ナイトケアクリーム,洗い流さないトリートメント,120ml,ヘアケア・トイレタリー,,,,,,,,,,,,,,,,,,,"1,600","1,600","1,600"
371441,モルトベーネ,ロレッタ ヘアバター,ヘアバター,30g,ヘアケア・トイレタリー,,,,,,,,,,,,,,,,,,,"1,300","1,300","1,300"
JIM1302,ジミーチュウ,アイ・ウォント・チュウ ウィズ ラブ,EDPSP,40mL,香水,,,,,,,,,,,,,,,,,,,,"4,150",
YSL1432,イヴサンローラン,リブレ 【EDP】,EDPSP,30mL,香水,,,,,,,,,,,,,,,,,,,,"8,400","8,400"
CSM6060,イニスフリー,イニスフリー ノーセバム ミネラルパウダー,ルースパウダー,5g,国内メーカーアイテム,,,,,,,,,,,,,,,,,,,,550,
FRG1205,フレグラム,ブランサボン リードディフューザー,ディフューザー,190mL,弊社PB・代理店商品,,,,,,,,,,,,,,,,,,,,"1,100","1,100"
VAS5041,ヴァセリン,インテンシブケア アドバンスドリペア ローション,,600mL,ヘアケア・トイレタリー,,,,,,,,,,,,,,,,,,,,700,700
501141,ビューアプロダクツ,サロンリンク エクストラ シャンプー,,1000g,ヘアケア・トイレタリー,,,,,,,,,,,,,,,,,,,,500,
HER1273,エルメス,オー ドゥ シトロン ノワール,EDCSP,100mL,香水,,,,,,,,,,,,,,,,,,,,,"7,750"
MZN1212,メゾン マルジェラ,レプリカ オードトワレ ネバー エンディング サマー,EDTSP,30mL,香水,,,,,,,,,,,,,,,,,,,,,"5,800"
TIF1105,ティファニー,ティファニー＆ラブ フォーヒム,EDTSP,50mL,香水,,,,,,,,,,,,,,,,,,,,,"7,250"
D&G1527,ドルチェ＆ガッバーナ,ライトブルー プールオム 2025,EDTSP,100mL,香水,,,,,,,,,,,,,,,,,,,,,"5,150"
TIF1121,ティファニー,ローズゴールド,EDPSP,50mL,香水,,,,,,,,,,,,,,,,,,,,,"6,650"
TIF1123,ティファニー,ローズゴールド,EDPSP,75mL,香水,,,,,,,,,,,,,,,,,,,,,"8,450"
ANN1012,アナスイ,スイ ドリ－ムス,EDTSP,30mL,香水,,,,,,,,,,,,,,,,,,,,,"2,400"
D&G1032,ドルチェ＆ガッバーナ,旧 ライトブルー,EDTSP,25mL,香水,,,,,,,,,,,,,,,,,,,,,"2,500"
FER1192,サルヴァトーレフェラガモ,インカント アミティ,EDTSP,30mL,香水,,,,,,,,,,,,,,,,,,,,,"1,400"
GIV1571,ジバンシイ,タルティーヌ エ ショコラ プチムスク,EDTSP,60mL,香水,,,,,,,,,,,,,,,,,,,,,"2,200"
LAN1041,ランコム,ミラク,EDPSP,50mL,香水,,,,,,,,,,,,,,,,,,,,,"6,700"
MZN1062,メゾン マルジェラ,レプリカ オードトワレ セーリング デイ,EDTSP,30mL,香水,,,,,,,,,,,,,,,,,,,,,"6,500"
MZN1133,メゾン マルジェラ,レプリカ オードトワレ バブル バス,EDTSP,100mL,香水,,,,,,,,,,,,,,,,,,,,,"9,800"
AVE5008,アベンヌ,アベンヌ ウォーター,,300ml,ヘアケア・トイレタリー,,,,,,,,,,,,,,,,,,,,,"1,100"
VAS5050,ヴァセリン,エッセンシャル ヒーリング ボディローション,,600mL,ヘアケア・トイレタリー,,,,,,,,,,,,,,,,,,,,,700
VAS5051,ヴァセリン,アロエ スーズ ローション,,600mL,ヘアケア・トイレタリー,,,,,,,,,,,,,,,,,,,,,700